user_id,persona,months_of_history,n_transactions,income_regularity,avg_monthly_income,savings_ratio,bill_payment_count,bill_payment_regularity,transaction_diversity,spending_to_income_ratio,balance_volatility,max_single_txn_pct_balance,circular_transfer_flag,balance_consistency_pass,composite_score,risk_label,tier
U0000_4a17e4,risky_irregular,7,160,0.171,3657.67,-0.018,8,0.179,0.848,1.018,1.57,5.61,False,True,0.24074999999999996,high_risk,Bronze
U0001_a5004c,seasonal_farmer,5,87,0.0,98500.21,0.773,8,0.226,0.918,0.227,0.594,0.1,True,True,0.3601,fraud_flag,Rejected - Fraud Review
U0002_5ad29a,risky_irregular,7,179,0.064,839.31,-0.25,18,0.0,0.848,1.25,2.446,10.62,False,True,0.14959999999999998,high_risk,Bronze
U0003_bcb38e,thin_file_new_user,2,37,0.733,1045.68,-0.453,4,0.026,0.871,1.453,1.721,5.13,False,True,0.39499999999999996,insufficient_history,Pending - Needs More History
U0004_7f9e79,stable_shop_owner,7,235,0.042,3688.45,-0.089,31,0.0,0.898,1.089,1.763,5.13,False,True,0.14939999999999998,high_risk,Bronze
U0005_18fccc,fraud_gaming,6,75,0.0,1753.76,-0.038,3,0.693,0.861,1.038,3.267,27.8,True,False,0.33704999999999996,fraud_flag,Rejected - Fraud Review
U0006_d3bb34,risky_irregular,7,137,0.16,2343.86,-0.019,10,0.3,0.837,1.019,2.108,7.88,False,True,0.27154999999999996,high_risk,Bronze
U0007_76863a,risky_irregular,7,155,0.488,1984.22,-0.195,17,0.069,0.838,1.195,2.166,9.9,False,True,0.3171999999999999,medium_risk,Silver
U0008_ac84f8,stable_shop_owner,7,247,0.45,5638.58,-0.038,24,0.254,0.878,1.038,1.59,4.28,False,True,0.3654,medium_risk,Silver
U0009_d06950,gig_worker,7,346,0.622,8337.93,-0.015,27,0.208,0.88,1.015,1.509,5.79,False,True,0.41209999999999997,low_risk,Platinum/Gold
U0010_532a33,seasonal_farmer,5,79,0.531,114330.92,0.834,7,0.0,0.902,0.166,0.498,0.1,False,True,0.48795,low_risk,Platinum/Gold
U0011_3fe140,fraud_gaming,7,102,0.0,4198.91,-0.089,9,0.0,0.895,1.089,3.354,33.08,True,False,0.13425,fraud_flag,Rejected - Fraud Review
U0012_8c993a,thin_file_new_user,2,30,0.898,476.04,-0.575,5,0.086,0.845,1.575,3.054,12.86,False,True,0.46685,insufficient_history,Pending - Needs More History
U0013_635fd5,risky_irregular,7,171,0.511,2944.08,-0.075,16,0.06,0.853,1.075,1.814,6.58,False,True,0.3248,medium_risk,Silver
U0014_067771,seasonal_farmer,7,69,0.031,113195.06,0.87,11,0.0,0.954,0.13,0.438,0.11,False,True,0.32794999999999996,medium_risk,Silver
U0015_4c76b4,stable_shop_owner,7,245,0.694,8063.01,-0.015,22,0.276,0.932,1.015,1.467,6.25,True,True,0.4655,fraud_flag,Rejected - Fraud Review
U0016_95e0fd,gig_worker,7,333,0.612,5616.58,-0.063,50,0.162,0.858,1.063,1.752,5.51,False,True,0.39149999999999996,low_risk,Platinum/Gold
U0017_e45b7a,stable_shop_owner,7,245,0.362,5463.37,-0.01,27,0.087,0.921,1.01,1.646,3.95,False,True,0.29095,high_risk,Bronze
U0018_c05c43,risky_irregular,7,164,0.393,748.71,-0.171,17,0.0,0.883,1.171,2.978,14.01,False,True,0.27,high_risk,Bronze
U0019_5cf1c6,thin_file_new_user,2,30,0.354,1068.92,-0.4,4,0.61,0.902,1.4,1.58,6.18,False,True,0.4421999999999999,insufficient_history,Pending - Needs More History
U0020_fa82ec,risky_irregular,7,147,0.221,1341.37,-0.236,16,0.0,0.869,1.236,2.215,6.26,False,True,0.2077,high_risk,Bronze
U0021_b1dd3e,seasonal_farmer,6,53,0.0,58928.68,0.848,7,0.008,0.943,0.152,0.654,0.13,False,True,0.31345,medium_risk,Silver
U0022_8517e6,fraud_gaming,7,81,0.0,2602.24,-0.131,3,0.646,0.867,1.131,3.247,27.91,True,False,0.32384999999999997,fraud_flag,Rejected - Fraud Review
U0023_42f90a,risky_irregular,7,140,0.198,1990.4,-0.08,14,0.111,0.879,1.08,2.16,9.13,False,True,0.23445,high_risk,Bronze
U0024_46d6a0,risky_irregular,7,152,0.545,2658.29,-0.045,12,0.103,0.855,1.045,1.616,5.18,False,True,0.3499,medium_risk,Silver
U0025_fc720f,stable_shop_owner,7,253,0.527,6134.32,-0.036,21,0.248,0.865,1.036,1.629,5.91,False,True,0.38860000000000006,low_risk,Platinum/Gold
U0026_f8d738,gig_worker,7,318,0.397,3776.86,-0.032,37,0.172,0.89,1.032,1.656,5.2,False,True,0.32405,medium_risk,Silver
U0027_cda177,stable_shop_owner,7,257,0.395,6432.59,-0.023,23,0.265,0.873,1.023,1.477,4.56,False,True,0.3487,medium_risk,Silver
U0028_14aadf,stable_shop_owner,7,234,0.212,3470.96,-0.067,28,0.0,0.9,1.067,1.479,4.72,False,True,0.2092,high_risk,Bronze
U0029_e79825,thin_file_new_user,2,22,0.112,967.1,-1.479,2,0.0,0.934,2.479,1.162,2.5,False,True,0.17930000000000001,insufficient_history,Pending - Needs More History
U0030_258d6f,thin_file_new_user,2,26,0.385,1381.74,-1.059,2,0.0,0.878,2.059,1.209,8.08,False,True,0.26644999999999996,insufficient_history,Pending - Needs More History
U0031_31d345,fraud_gaming,7,92,0.0,2209.2,-0.079,8,0.267,0.921,1.079,3.469,32.31,True,False,0.21825,fraud_flag,Rejected - Fraud Review
U0032_a92d9d,seasonal_farmer,6,77,0.0,63404.2,0.765,10,0.0,0.908,0.235,0.577,0.1,True,True,0.2892,fraud_flag,Rejected - Fraud Review
U0033_0ef5c5,seasonal_farmer,7,87,0.0,54338.82,0.696,7,0.582,0.893,0.304,0.46,0.09,True,True,0.44775,fraud_flag,Rejected - Fraud Review
U0034_080987,gig_worker,7,290,0.552,3964.74,0.013,28,0.108,0.88,0.987,1.651,5.44,False,True,0.3602,medium_risk,Silver
U0035_976601,stable_shop_owner,7,232,0.731,3892.87,-0.074,28,0.205,0.891,1.074,1.776,4.51,False,True,0.45099999999999996,low_risk,Platinum/Gold
U0036_5e213a,stable_shop_owner,7,224,0.115,3815.33,-0.054,23,0.12,0.88,1.054,1.594,3.99,False,True,0.20825,high_risk,Bronze
U0037_92ae6c,gig_worker,7,330,0.704,5066.88,0.02,34,0.0,0.9,0.98,1.642,5.92,False,True,0.38539999999999996,low_risk,Platinum/Gold
U0038_29822a,stable_shop_owner,7,228,0.304,4965.51,-0.043,19,0.0,0.865,1.043,1.535,5.38,False,True,0.23615,high_risk,Bronze
U0039_ee0029,thin_file_new_user,2,27,0.77,1070.19,-0.384,4,0.362,0.917,1.384,1.559,3.05,False,True,0.5156499999999999,insufficient_history,Pending - Needs More History
U0040_c56abf,seasonal_farmer,6,81,0.079,72572.92,0.799,5,0.553,0.856,0.201,0.821,0.12,True,True,0.48175,fraud_flag,Rejected - Fraud Review
U0041_b5bcaa,risky_irregular,7,160,0.264,1062.56,-0.278,12,0.079,0.85,1.278,2.123,23.11,False,True,0.24359999999999998,high_risk,Bronze
U0042_08baca,thin_file_new_user,2,23,0.133,1043.84,-0.922,3,0.58,0.925,1.922,1.523,5.21,False,True,0.3593,insufficient_history,Pending - Needs More History
U0043_2fbbf6,seasonal_farmer,7,68,0.096,129824.5,0.93,10,0.0,0.862,0.07,0.662,0.1,False,True,0.3489,medium_risk,Silver
U0044_1e4db8,risky_irregular,7,149,0.241,2700.84,-0.018,12,0.022,0.878,1.018,1.746,6.26,False,True,0.22264999999999996,high_risk,Bronze
U0045_ea1098,risky_irregular,7,148,0.304,1271.15,0.033,15,0.0,0.877,0.967,2.232,7.79,False,True,0.24455,high_risk,Bronze
U0046_afbdec,seasonal_farmer,6,89,0.048,125996.32,0.876,7,0.0,0.929,0.124,0.592,0.07,False,True,0.33135000000000003,medium_risk,Silver
U0047_d57bdf,stable_shop_owner,7,227,0.532,3378.04,-0.019,19,0.179,0.907,1.019,1.641,5.19,False,True,0.37595,low_risk,Platinum/Gold
U0048_4a0515,thin_file_new_user,2,32,0.667,875.86,-0.852,5,0.0,0.908,1.852,1.878,3.49,False,True,0.36965,insufficient_history,Pending - Needs More History
U0049_99f2e4,stable_shop_owner,7,239,0.58,5262.27,0.027,28,0.0,0.834,0.973,1.559,4.17,False,True,0.33349999999999996,medium_risk,Silver
U0050_3af435,stable_shop_owner,7,221,0.251,6363.89,-0.003,25,0.138,0.887,1.003,1.607,3.87,False,True,0.2623,high_risk,Bronze
U0051_fbd844,stable_shop_owner,7,259,0.353,4253.02,-0.012,23,0.0,0.862,1.012,1.507,5.82,False,True,0.25284999999999996,high_risk,Bronze
U0052_59af66,risky_irregular,7,174,0.214,2685.82,-0.034,12,0.027,0.841,1.034,1.684,5.5,False,True,0.20914999999999997,high_risk,Bronze
U0053_74bc61,thin_file_new_user,2,24,0.0,1666.72,-0.765,3,0.501,0.844,1.765,1.154,3.53,False,True,0.2769,insufficient_history,Pending - Needs More History
U0054_3a950c,thin_file_new_user,2,13,0.0,698.98,-1.8,2,0.0,0.933,2.8,1.279,2.77,False,True,0.13995,insufficient_history,Pending - Needs More History
U0055_32f24b,risky_irregular,7,165,0.0,2266.39,-0.028,12,0.176,0.922,1.028,1.607,5.69,False,True,0.1911,high_risk,Bronze
U0056_742de7,gig_worker,7,330,0.296,6227.7,-0.001,35,0.19,0.894,1.001,1.457,4.18,False,True,0.29469999999999996,high_risk,Bronze
U0057_1864be,gig_worker,7,329,0.0,7427.97,-0.046,23,0.037,0.888,1.046,1.79,5.79,False,True,0.14429999999999998,high_risk,Bronze
U0058_9fe65e,stable_shop_owner,7,247,0.488,3595.92,-0.016,19,0.219,0.85,1.016,1.658,7.13,False,True,0.364,medium_risk,Silver
U0059_4ed7e0,stable_shop_owner,7,256,0.548,5330.12,-0.004,19,0.015,0.874,1.004,1.615,3.74,False,True,0.3274,medium_risk,Silver
U0060_58c4d8,thin_file_new_user,2,32,0.651,2890.34,0.035,6,0.0,0.928,0.965,1.727,2.39,False,True,0.37405,insufficient_history,Pending - Needs More History
U0061_97adb0,gig_worker,7,319,0.27,7110.7,-0.024,31,0.0,0.899,1.024,1.527,3.57,False,True,0.22935,high_risk,Bronze
U0062_b5d78c,gig_worker,7,335,0.444,3853.59,-0.036,43,0.0,0.872,1.036,1.829,8.47,False,True,0.2862,high_risk,Bronze
U0063_4d5263,risky_irregular,7,151,0.286,3904.13,0.034,16,0.0,0.853,0.966,1.683,7.49,False,True,0.23484999999999995,high_risk,Bronze
U0064_9abc09,thin_file_new_user,2,32,0.792,1746.14,0.03,2,0.0,0.862,0.97,1.093,2.51,False,True,0.4125,insufficient_history,Pending - Needs More History
U0065_33b640,gig_worker,7,362,0.641,4564.23,-0.018,36,0.03,0.871,1.018,1.606,5.69,False,True,0.364,medium_risk,Silver
U0066_0a6544,gig_worker,7,289,0.644,5994.31,-0.001,31,0.0,0.864,1.001,1.458,3.83,False,True,0.355,medium_risk,Silver
U0067_a0ff42,seasonal_farmer,6,83,0.0,164576.05,0.894,6,0.494,0.885,0.106,0.589,0.08,False,True,0.45975,low_risk,Platinum/Gold
U0068_8efb45,stable_shop_owner,7,264,0.635,6402.22,0.029,27,0.0,0.895,0.971,1.663,4.79,False,True,0.36229999999999996,medium_risk,Silver
U0069_502a36,seasonal_farmer,7,89,0.189,44693.71,0.63,8,0.234,0.911,0.37,0.508,0.11,True,True,0.39899999999999997,fraud_flag,Rejected - Fraud Review
U0070_f87d9b,stable_shop_owner,7,254,0.632,4354.84,-0.001,23,0.0,0.905,1.001,1.461,4.07,False,True,0.35695,medium_risk,Silver
U0071_694c3b,seasonal_farmer,6,52,0.0,43401.45,0.787,7,0.167,0.947,0.213,0.513,0.12,True,True,0.34955,fraud_flag,Rejected - Fraud Review
U0072_9cd5c5,risky_irregular,7,198,0.377,3116.71,-0.076,14,0.0,0.88,1.076,1.874,7.39,False,True,0.26395,high_risk,Bronze
U0073_450703,stable_shop_owner,7,241,0.293,3467.17,0.156,31,0.0,0.914,0.844,2.14,3.28,False,True,0.27085,high_risk,Bronze
U0074_16a6c5,stable_shop_owner,7,295,0.557,6599.07,-0.031,34,0.0,0.894,1.031,1.709,3.9,False,True,0.32905,medium_risk,Silver
U0075_c922e6,stable_shop_owner,7,285,0.662,7914.98,-0.024,22,0.139,0.878,1.024,1.405,4.44,False,True,0.40509999999999996,low_risk,Platinum/Gold
U0076_0d2d7b,stable_shop_owner,7,254,0.44,7186.1,-0.017,19,0.445,0.874,1.017,1.446,3.36,False,True,0.41859999999999997,low_risk,Platinum/Gold
U0077_537801,thin_file_new_user,2,36,0.472,3129.08,-0.167,3,0.168,0.883,1.167,1.272,1.95,False,True,0.34804999999999997,insufficient_history,Pending - Needs More History
U0078_2ea201,gig_worker,7,316,0.446,7278.05,-0.021,28,0.362,0.883,1.021,1.658,5.86,False,True,0.39715,low_risk,Platinum/Gold
U0079_52c11a,risky_irregular,7,195,0.425,1591.84,-0.164,13,0.248,0.863,1.164,1.936,10.45,False,True,0.35259999999999997,medium_risk,Silver
U0080_95eec8,thin_file_new_user,2,30,0.0,530.88,-1.66,4,0.0,0.85,2.66,1.893,19.6,False,True,0.1275,insufficient_history,Pending - Needs More History
U0081_4fc785,seasonal_farmer,5,82,0.005,218806.37,0.892,6,0.0,0.873,0.108,0.545,0.09,False,True,0.3111,medium_risk,Silver
U0082_9b90ef,risky_irregular,7,174,0.112,2750.44,-0.098,16,0.091,0.877,1.098,2.083,11.89,False,True,0.19805,high_risk,Bronze
U0083_b44248,stable_shop_owner,7,258,0.334,2972.95,-0.095,28,0.128,0.875,1.095,1.787,8.41,False,True,0.28654999999999997,high_risk,Bronze
U0084_7d728c,stable_shop_owner,7,245,0.585,4064.43,-0.034,26,0.024,0.838,1.034,1.816,8.49,False,True,0.33765,medium_risk,Silver
U0085_1af6f3,stable_shop_owner,7,199,0.424,4297.62,-0.025,17,0.023,0.862,1.025,1.715,5.19,False,True,0.28459999999999996,high_risk,Bronze
U0086_0767a7,thin_file_new_user,2,24,0.358,1433.43,-0.294,3,0.764,0.921,1.294,1.441,4.44,False,True,0.49265,insufficient_history,Pending - Needs More History
U0087_9cef1c,gig_worker,7,299,0.544,5815.67,-0.009,32,0.173,0.865,1.009,1.836,5.04,False,True,0.37205,medium_risk,Silver
U0088_4725d7,stable_shop_owner,7,257,0.397,4709.58,-0.005,20,0.083,0.883,1.005,1.525,5.05,False,True,0.2963,high_risk,Bronze
U0089_1297b0,gig_worker,7,313,0.794,7974.15,-0.028,34,0.208,0.895,1.028,1.496,5.73,False,True,0.47455,low_risk,Platinum/Gold
U0090_5e1b63,stable_shop_owner,7,249,0.498,6079.94,-0.044,25,0.091,0.873,1.044,1.572,6.25,False,True,0.33254999999999996,medium_risk,Silver
U0091_31d5d9,thin_file_new_user,2,35,0.683,2351.26,-0.431,5,0.0,0.981,1.431,1.363,3.84,False,True,0.3862,insufficient_history,Pending - Needs More History
U0092_67d6ec,seasonal_farmer,5,71,0.055,72196.06,0.798,8,0.0,0.902,0.202,0.635,0.11,False,True,0.31415000000000004,medium_risk,Silver
U0093_dc1296,seasonal_farmer,4,71,0.351,203163.94,0.943,8,0.135,0.843,0.057,0.612,0.07,False,True,0.47839999999999994,low_risk,Platinum/Gold
U0094_94cb91,seasonal_farmer,6,93,0.151,183003.86,0.89,11,0.0,0.916,0.11,0.569,0.08,False,True,0.36824999999999997,medium_risk,Silver
U0095_2597b0,thin_file_new_user,2,17,0.573,973.92,-0.778,3,0.136,0.955,1.778,1.663,4.64,False,True,0.38459999999999994,insufficient_history,Pending - Needs More History
U0096_f38427,seasonal_farmer,6,80,0.0,48400.55,0.67,12,0.0,0.9,0.33,0.591,0.11,True,True,0.269,fraud_flag,Rejected - Fraud Review
U0097_4660db,stable_shop_owner,7,244,0.377,6459.79,-0.018,17,0.09,0.861,1.018,1.509,4.22,False,True,0.28809999999999997,high_risk,Bronze
U0098_b021a0,stable_shop_owner,7,234,0.514,7330.81,-0.006,25,0.0,0.895,1.006,1.616,2.84,False,True,0.31415000000000004,medium_risk,Silver
U0099_94bee0,fraud_gaming,7,82,0.0,1828.41,-0.199,5,0.088,0.832,1.199,1.648,10.7,True,False,0.1512,fraud_flag,Rejected - Fraud Review
U0100_8387a1,fraud_gaming,6,73,0.0,2119.1,-0.145,9,0.0,0.913,1.145,1.7,12.57,True,False,0.13695,fraud_flag,Rejected - Fraud Review
U0101_283448,thin_file_new_user,2,22,0.0,2131.47,-0.54,4,0.0,0.876,1.54,1.256,2.62,False,True,0.1314,insufficient_history,Pending - Needs More History
U0102_9354e2,stable_shop_owner,7,241,0.252,5284.04,-0.026,27,0.0,0.878,1.026,1.525,4.06,False,True,0.21989999999999998,high_risk,Bronze
U0103_8f9793,fraud_gaming,6,84,0.0,2285.79,-0.069,7,0.0,0.958,1.069,2.017,16.42,True,False,0.1437,fraud_flag,Rejected - Fraud Review
U0104_f65a00,risky_irregular,7,141,0.175,1609.87,-0.118,15,0.0,0.855,1.118,1.858,6.3,False,True,0.1895,high_risk,Bronze
U0105_466f95,thin_file_new_user,2,25,0.0,584.48,-1.408,3,0.046,0.786,2.408,1.966,2.1,False,True,0.1317,insufficient_history,Pending - Needs More History
U0106_1d2551,seasonal_farmer,7,74,0.325,47455.19,0.732,11,0.0,0.872,0.268,0.545,0.12,True,True,0.39095,fraud_flag,Rejected - Fraud Review
U0107_d6669f,stable_shop_owner,7,253,0.533,3677.34,-0.064,24,0.157,0.925,1.064,1.672,6.25,False,True,0.3724,low_risk,Platinum/Gold
U0108_31e6d1,stable_shop_owner,7,245,0.527,5619.37,-0.067,31,0.0,0.926,1.067,1.569,4.86,False,True,0.32335,medium_risk,Silver
U0109_c7794e,fraud_gaming,7,88,0.0,2680.91,-0.128,4,0.272,0.886,1.128,1.986,17.8,False,False,0.2145,fraud_flag,Rejected - Fraud Review
U0110_a56adc,gig_worker,7,328,0.42,7102.69,-0.034,27,0.346,0.884,1.034,1.472,3.85,False,True,0.38339999999999996,low_risk,Platinum/Gold
U0111_1267fd,stable_shop_owner,7,211,0.405,7479.0,-0.04,25,0.286,0.883,1.04,1.396,6.22,False,True,0.36,medium_risk,Silver
U0112_6f59dc,seasonal_farmer,6,84,0.0,126291.08,0.856,5,0.346,0.958,0.144,0.556,0.09,False,True,0.4187,low_risk,Platinum/Gold
U0113_5854a7,gig_worker,7,311,0.663,5508.43,-0.07,25,0.036,0.862,1.07,1.745,8.8,False,True,0.37215,low_risk,Platinum/Gold
U0114_74f766,stable_shop_owner,7,250,0.345,4692.87,-0.063,25,0.053,0.864,1.063,1.645,6.26,False,True,0.26625,high_risk,Bronze
U0115_f8fef0,risky_irregular,7,116,0.349,894.44,-0.331,8,0.104,0.893,1.331,1.525,10.44,False,True,0.2873,high_risk,Bronze
U0116_ce4686,risky_irregular,7,176,0.63,1342.85,-0.167,16,0.0,0.88,1.167,3.095,24.28,False,True,0.3525,medium_risk,Silver
U0117_4de255,thin_file_new_user,2,28,0.177,1676.97,-0.288,4,0.127,0.91,1.288,1.051,2.54,False,True,0.23655,insufficient_history,Pending - Needs More History
U0118_542cb8,seasonal_farmer,6,83,0.0,179441.16,0.894,10,0.0,0.911,0.106,0.469,0.07,False,True,0.31545,medium_risk,Silver
U0119_9f78d8,thin_file_new_user,2,28,0.544,1494.5,-0.484,3,0.407,0.878,1.484,1.277,4.22,False,True,0.4442,insufficient_history,Pending - Needs More History
U0120_f7aa4b,gig_worker,7,324,0.533,6564.87,-0.028,29,0.203,0.857,1.028,1.5,4.35,False,True,0.376,low_risk,Platinum/Gold
U0121_d3e4d0,thin_file_new_user,2,26,0.902,3267.16,-0.219,3,0.0,0.89,1.219,0.987,1.23,False,True,0.4492,insufficient_history,Pending - Needs More History
U0122_de496f,stable_shop_owner,7,273,0.248,7507.18,-0.003,26,0.0,0.871,1.003,1.417,4.84,False,True,0.21744999999999998,high_risk,Bronze
U0123_9c8411,seasonal_farmer,7,65,0.0,62061.53,0.779,7,0.279,0.869,0.221,0.659,0.14,False,True,0.36985,medium_risk,Silver
U0124_8688d8,stable_shop_owner,7,264,0.539,5197.42,0.028,31,0.137,0.893,0.972,1.616,6.07,False,True,0.36929999999999996,medium_risk,Silver
U0125_91ea1a,gig_worker,7,313,0.746,5209.18,-0.055,25,0.275,0.879,1.055,1.676,6.66,False,True,0.47545000000000004,low_risk,Platinum/Gold
U0126_1b973d,seasonal_farmer,5,74,0.334,201189.59,0.926,5,0.229,0.832,0.074,0.663,0.09,False,True,0.49560000000000004,low_risk,Platinum/Gold
U0127_6d98e5,stable_shop_owner,7,193,0.309,6418.88,-0.024,20,0.167,0.876,1.024,1.4,4.19,False,True,0.28964999999999996,high_risk,Bronze
U0128_ba455c,stable_shop_owner,7,259,0.495,8477.84,0.008,20,0.051,0.839,0.992,1.552,8.82,False,True,0.31599999999999995,medium_risk,Silver
U0129_80122b,gig_worker,7,323,0.59,5519.67,0.027,36,0.015,0.919,0.973,1.676,4.93,False,True,0.35424999999999995,medium_risk,Silver
U0130_a48718,stable_shop_owner,7,268,0.371,5699.4,-0.05,31,0.257,0.868,1.05,1.563,6.76,False,True,0.33714999999999995,medium_risk,Silver
U0131_4946dd,fraud_gaming,7,62,0.0,1376.45,-0.191,7,0.172,0.798,1.191,2.228,15.67,True,False,0.1713,fraud_flag,Rejected - Fraud Review
U0132_af0251,gig_worker,7,324,0.627,6297.24,-0.033,30,0.253,0.882,1.033,1.695,6.16,False,True,0.42765,low_risk,Platinum/Gold
U0133_2036a9,seasonal_farmer,7,108,0.0,125868.32,0.856,10,0.134,0.902,0.144,0.529,0.06,False,True,0.3467,medium_risk,Silver
U0134_611cd4,gig_worker,7,376,0.629,7181.59,-0.032,39,0.002,0.85,1.032,1.801,7.97,False,True,0.34824999999999995,medium_risk,Silver
U0135_89c4b3,stable_shop_owner,7,261,0.452,3988.95,-0.013,26,0.438,0.852,1.013,1.759,5.56,False,True,0.4174,low_risk,Platinum/Gold
U0136_c4e93f,fraud_gaming,7,54,0.0,1439.31,-0.056,6,0.0,0.892,1.056,2.869,20.21,True,True,0.1338,fraud_flag,Rejected - Fraud Review
U0137_dd44b8,gig_worker,7,352,0.61,4537.64,-0.033,36,0.187,0.877,1.033,1.784,6.43,False,True,0.40115,low_risk,Platinum/Gold
U0138_eecdb4,risky_irregular,7,147,0.0,2159.95,-0.171,12,0.311,0.851,1.171,2.614,13.9,False,True,0.22094999999999998,high_risk,Bronze
U0139_a093cc,stable_shop_owner,7,282,0.563,9201.89,0.014,25,0.168,0.898,0.986,1.312,3.39,False,True,0.38494999999999996,low_risk,Platinum/Gold
U0140_28d5fb,gig_worker,7,294,0.318,4100.25,-0.085,32,0.0,0.88,1.085,1.665,7.49,False,True,0.24330000000000002,high_risk,Bronze
U0141_4d8735,gig_worker,7,283,0.611,5899.51,-0.014,29,0.0,0.908,1.014,1.298,3.2,False,True,0.35005,medium_risk,Silver
U0142_3969bf,fraud_gaming,6,67,0.0,2488.45,-0.123,6,0.144,0.941,1.123,1.762,12.66,True,False,0.18434999999999999,fraud_flag,Rejected - Fraud Review
U0143_791609,gig_worker,7,305,0.328,6982.55,-0.037,24,0.429,0.871,1.037,1.638,5.13,False,True,0.37415,low_risk,Platinum/Gold
U0144_8e943d,gig_worker,7,293,0.433,5308.97,-0.036,31,0.207,0.891,1.036,1.541,4.24,False,True,0.34729999999999994,medium_risk,Silver
U0145_d6cf6c,stable_shop_owner,7,265,0.333,6768.15,0.0,27,0.081,0.918,1.0,1.409,3.44,False,True,0.27854999999999996,high_risk,Bronze
U0146_1081d8,seasonal_farmer,5,72,0.0,181533.75,0.89,8,0.0,0.923,0.11,0.659,0.1,False,True,0.31645,medium_risk,Silver
U0147_796c06,gig_worker,7,355,0.579,7691.14,-0.008,32,0.113,0.866,1.008,1.553,4.2,False,True,0.36644999999999994,medium_risk,Silver
U0148_95afd4,seasonal_farmer,4,50,0.055,64166.81,0.773,7,0.0,0.904,0.227,0.553,0.16,False,True,0.30945,medium_risk,Silver
U0149_681eba,stable_shop_owner,7,248,0.59,5015.1,-0.041,27,0.271,0.891,1.041,1.558,4.73,False,True,0.42145,low_risk,Platinum/Gold
U0150_294068,risky_irregular,7,151,0.674,3159.08,-0.048,14,0.025,0.883,1.048,1.602,4.6,False,True,0.37585,low_risk,Platinum/Gold
U0151_ffeb9b,risky_irregular,7,145,0.129,1149.01,-0.198,19,0.204,0.903,1.198,2.02,11.82,False,True,0.24179999999999996,high_risk,Bronze
U0152_3a9917,stable_shop_owner,7,247,0.396,6407.59,-0.039,27,0.0,0.882,1.039,1.456,3.81,False,True,0.27090000000000003,high_risk,Bronze
U0153_5e7854,gig_worker,7,296,0.353,6207.61,0.001,39,0.0,0.894,0.999,1.571,7.24,False,True,0.25784999999999997,high_risk,Bronze
U0154_d1ab92,stable_shop_owner,7,235,0.546,5299.38,0.006,26,0.0,0.875,0.994,1.57,3.72,False,True,0.32355,medium_risk,Silver
U0155_a3712c,thin_file_new_user,2,33,0.238,2644.35,-0.198,6,0.071,0.946,1.198,1.458,4.31,False,True,0.2465,insufficient_history,Pending - Needs More History
U0156_8a588f,stable_shop_owner,7,253,0.537,10354.48,0.0,19,0.139,0.878,1.0,1.354,4.06,False,True,0.36135,medium_risk,Silver
U0157_f1cecf,thin_file_new_user,2,26,0.826,1529.14,-0.361,3,0.151,0.903,1.361,1.402,3.22,False,True,0.46985,insufficient_history,Pending - Needs More History
U0158_06cb10,thin_file_new_user,2,22,0.634,652.3,-1.7,4,0.7,0.914,2.7,1.563,5.23,False,True,0.569,insufficient_history,Pending - Needs More History
U0159_df8e47,risky_irregular,7,157,0.122,1503.96,-0.223,20,0.024,0.857,1.223,2.872,14.87,False,True,0.17845,high_risk,Bronze
U0160_cec69f,stable_shop_owner,7,270,0.623,6266.32,-0.036,29,0.0,0.922,1.036,1.416,4.02,False,True,0.35635,medium_risk,Silver
U0161_a043ad,fraud_gaming,7,59,0.0,1768.73,-0.043,4,0.173,0.882,1.043,1.492,9.71,True,False,0.1842,fraud_flag,Rejected - Fraud Review
U0162_f68660,stable_shop_owner,7,242,0.661,5707.95,-0.036,20,0.161,0.884,1.036,1.32,2.61,False,True,0.41225,low_risk,Platinum/Gold
U0163_03edd8,stable_shop_owner,7,287,0.662,7447.62,-0.048,28,0.14,0.893,1.048,1.313,3.93,False,True,0.40764999999999996,low_risk,Platinum/Gold
U0164_725ce4,gig_worker,7,297,0.344,6769.01,-0.027,26,0.0,0.889,1.027,1.83,6.93,False,True,0.25375,high_risk,Bronze
U0165_3a6d08,seasonal_farmer,6,69,0.114,120014.04,0.89,6,0.829,0.926,0.11,0.579,0.1,False,True,0.6055,low_risk,Platinum/Gold
U0166_a45b47,risky_irregular,7,176,0.589,2559.72,-0.035,13,0.102,0.869,1.035,1.884,11.45,False,True,0.3671,medium_risk,Silver
U0167_f1b54c,risky_irregular,7,145,0.497,3375.13,-0.07,13,0.001,0.889,1.07,1.845,6.04,False,True,0.3076,medium_risk,Silver
U0168_f8a663,seasonal_farmer,7,92,0.326,163744.51,0.872,8,0.268,0.939,0.128,0.5,0.07,False,True,0.5097499999999999,low_risk,Platinum/Gold
U0169_0cdd8a,fraud_gaming,7,62,0.0,1786.92,-0.082,6,0.0,0.887,1.082,3.716,28.82,True,False,0.13305,fraud_flag,Rejected - Fraud Review
U0170_c58f90,stable_shop_owner,7,248,0.404,7414.1,-0.046,21,0.309,0.847,1.046,1.56,4.5,False,True,0.36114999999999997,medium_risk,Silver
U0171_cc10a7,gig_worker,7,323,0.49,5347.58,-0.023,33,0.071,0.878,1.023,1.832,6.29,False,True,0.32449999999999996,medium_risk,Silver
U0172_646e24,stable_shop_owner,7,278,0.526,5274.45,0.0,18,0.241,0.888,1.0,1.564,4.91,False,True,0.38959999999999995,low_risk,Platinum/Gold
U0173_b8a09d,fraud_gaming,5,75,0.0,2101.13,-0.267,5,0.14,0.886,1.267,2.224,14.55,True,True,0.1749,fraud_flag,Rejected - Fraud Review
U0174_19121b,stable_shop_owner,7,260,0.54,9993.08,-0.005,21,0.0,0.913,1.005,1.203,3.0,False,True,0.32594999999999996,medium_risk,Silver
U0175_fdb761,stable_shop_owner,7,273,0.507,4835.64,-0.012,26,0.206,0.894,1.012,1.615,5.16,False,True,0.37334999999999996,low_risk,Platinum/Gold
U0176_719f3c,seasonal_farmer,6,104,0.0,233678.96,0.885,8,0.303,0.857,0.115,0.567,0.07,False,True,0.39645,low_risk,Platinum/Gold
U0177_3cbf8b,fraud_gaming,6,57,0.0,2308.73,-0.011,3,0.0,0.901,1.011,2.417,17.89,True,False,0.13515,fraud_flag,Rejected - Fraud Review
U0178_3d0de9,risky_irregular,7,144,0.312,2160.44,-0.149,11,0.0,0.886,1.149,2.042,9.98,False,True,0.24209999999999998,high_risk,Bronze
U0179_873a75,thin_file_new_user,2,32,0.378,905.67,-1.148,6,0.119,0.847,2.148,2.263,19.18,False,True,0.29505,insufficient_history,Pending - Needs More History
U0180_cc8a04,risky_irregular,7,140,0.239,2086.43,-0.069,7,0.165,0.862,1.069,1.693,5.73,False,True,0.26244999999999996,high_risk,Bronze
U0181_f17ace,risky_irregular,7,194,0.375,4164.84,-0.042,16,0.0,0.852,1.042,1.753,8.02,False,True,0.25905,high_risk,Bronze
U0182_4e725f,gig_worker,7,297,0.65,4466.22,-0.041,32,0.0,0.879,1.041,1.707,6.05,False,True,0.35934999999999995,medium_risk,Silver
U0183_aa520c,seasonal_farmer,5,62,0.221,79937.33,0.846,6,0.365,0.925,0.154,0.602,0.11,False,True,0.4948,low_risk,Platinum/Gold
U0184_2e42da,risky_irregular,7,187,0.272,1353.76,-0.086,16,0.301,0.863,1.086,2.058,8.36,False,True,0.31494999999999995,medium_risk,Silver
U0185_392272,thin_file_new_user,2,31,0.0,481.88,-0.312,2,0.0,0.825,1.312,2.253,8.65,False,True,0.12374999999999999,insufficient_history,Pending - Needs More History
U0186_cd3bb8,seasonal_farmer,6,103,0.0,255222.9,0.926,6,0.125,0.901,0.074,0.64,0.07,False,True,0.35785,medium_risk,Silver
U0187_b847ba,stable_shop_owner,7,267,0.278,4806.17,-0.077,33,0.141,0.862,1.077,1.783,6.5,False,True,0.26890000000000003,high_risk,Bronze
U0188_48f0c6,thin_file_new_user,2,33,0.0,475.28,-3.126,2,0.0,0.753,4.126,2.681,7.21,False,True,0.11295,insufficient_history,Pending - Needs More History
U0189_9df491,stable_shop_owner,7,262,0.667,5637.98,0.001,27,0.093,0.858,0.999,1.246,4.17,False,True,0.39024999999999993,low_risk,Platinum/Gold
U0190_58d148,fraud_gaming,7,66,0.0,1556.44,-0.111,5,0.0,0.885,1.111,1.968,13.81,False,False,0.13275,fraud_flag,Rejected - Fraud Review
U0191_5d9d46,stable_shop_owner,7,241,0.404,8598.0,-0.003,35,0.026,0.905,1.003,1.373,5.96,True,True,0.28495000000000004,fraud_flag,Rejected - Fraud Review
U0192_887acd,stable_shop_owner,7,261,0.415,9361.9,-0.012,20,0.327,0.864,1.012,1.374,4.4,False,True,0.37295,low_risk,Platinum/Gold
U0193_70a8de,risky_irregular,7,170,0.498,1537.15,-0.2,11,0.036,0.781,1.2,2.332,8.47,False,True,0.30225,high_risk,Bronze
U0194_7a128a,stable_shop_owner,7,247,0.495,5223.59,-0.007,17,0.0,0.853,1.007,1.693,4.97,False,True,0.30119999999999997,high_risk,Bronze
U0195_8f6d1b,stable_shop_owner,7,267,0.385,7045.07,-0.019,19,0.427,0.88,1.019,1.475,4.08,False,True,0.39485,low_risk,Platinum/Gold
U0196_c7241a,gig_worker,7,317,0.525,4649.45,-0.031,37,0.0,0.904,1.031,1.637,4.06,False,True,0.31935,medium_risk,Silver
U0197_4c6798,risky_irregular,7,187,0.206,3718.4,0.024,19,0.28,0.885,0.976,2.052,11.04,False,True,0.29365,high_risk,Bronze
U0198_b151b6,stable_shop_owner,7,300,0.445,5576.54,-0.035,27,0.0,0.883,1.035,1.753,5.97,False,True,0.2882,high_risk,Bronze
U0199_61742a,seasonal_farmer,5,73,0.0,184166.27,0.894,5,0.001,0.913,0.106,0.577,0.11,False,True,0.31605,medium_risk,Silver
U0200_6b8712,risky_irregular,7,146,0.258,3755.96,-0.027,8,0.137,0.84,1.027,1.662,6.04,False,True,0.25739999999999996,high_risk,Bronze
U0201_a40554,fraud_gaming,6,52,0.0,1868.98,-0.046,1,0.0,0.917,1.046,3.114,22.4,True,False,0.13755,fraud_flag,Rejected - Fraud Review
U0202_d915b5,gig_worker,7,341,0.58,7593.45,0.008,27,0.299,0.859,0.992,1.655,5.16,False,True,0.4231499999999999,low_risk,Platinum/Gold
U0203_935b22,stable_shop_owner,7,266,0.551,7016.27,-0.044,31,0.008,0.886,1.044,1.466,5.91,False,True,0.32815,medium_risk,Silver
U0204_0f28ca,stable_shop_owner,7,261,0.242,5622.28,-0.049,22,0.0,0.861,1.049,1.349,3.32,False,True,0.21384999999999998,high_risk,Bronze
U0205_5989d5,stable_shop_owner,7,277,0.408,7348.74,-0.011,27,0.0,0.917,1.011,1.542,3.32,False,True,0.28035,high_risk,Bronze
U0206_5cb2c6,stable_shop_owner,7,266,0.425,7866.33,-0.039,23,0.062,0.896,1.039,1.342,3.87,False,True,0.30174999999999996,high_risk,Bronze
U0207_e1a754,thin_file_new_user,2,19,0.0,330.66,-1.813,5,0.327,0.913,2.813,2.324,12.57,False,True,0.23504999999999998,insufficient_history,Pending - Needs More History
U0208_5be4da,stable_shop_owner,7,295,0.745,6522.18,-0.04,31,0.139,0.902,1.04,1.916,6.88,False,True,0.43775,low_risk,Platinum/Gold
U0209_ab47c4,gig_worker,7,335,0.447,7917.27,0.006,33,0.0,0.879,0.994,1.567,4.62,False,True,0.2895,high_risk,Bronze
U0210_8499a5,thin_file_new_user,2,30,0.268,1146.07,0.09,4,0.48,0.855,0.91,1.288,2.84,False,True,0.38405,insufficient_history,Pending - Needs More History
U0211_a1564e,gig_worker,7,303,0.573,6226.78,-0.032,26,0.118,0.867,1.032,1.616,7.48,False,True,0.366,medium_risk,Silver
U0212_8a8bfa,stable_shop_owner,7,228,0.34,7407.53,-0.051,14,0.144,0.834,1.051,1.536,3.98,False,True,0.2873,high_risk,Bronze
U0213_436c18,risky_irregular,7,152,0.059,987.81,-0.101,13,0.0,0.856,1.101,2.499,9.82,False,True,0.14905,high_risk,Bronze
U0214_fb02d4,thin_file_new_user,2,29,0.0,2798.76,-0.197,3,0.166,0.841,1.197,0.982,1.65,False,True,0.17595,insufficient_history,Pending - Needs More History
U0215_33de2f,thin_file_new_user,2,34,0.675,919.37,-0.252,6,0.038,0.929,1.252,4.146,20.78,False,True,0.387,insufficient_history,Pending - Needs More History
U0216_9ac00b,stable_shop_owner,7,219,0.391,5295.17,-0.051,24,0.158,0.892,1.051,1.508,3.25,False,True,0.31805,medium_risk,Silver
U0217_81dab9,stable_shop_owner,7,258,0.405,3858.75,-0.073,25,0.143,0.879,1.073,1.555,5.13,False,True,0.3165,medium_risk,Silver
U0218_471b9d,fraud_gaming,7,70,0.0,1373.59,-0.072,3,0.145,0.85,1.072,2.521,20.33,True,True,0.17099999999999999,fraud_flag,Rejected - Fraud Review
U0219_17e28b,seasonal_farmer,6,79,0.0,101105.78,0.817,7,0.209,0.93,0.183,0.676,0.14,False,True,0.3656,medium_risk,Silver
U0220_4f8446,seasonal_farmer,7,91,0.18,77161.55,0.804,5,0.877,0.862,0.196,0.588,0.09,True,True,0.6162,fraud_flag,Rejected - Fraud Review
U0221_48fda3,gig_worker,7,295,0.589,5990.06,-0.031,28,0.248,0.874,1.031,1.523,5.79,False,True,0.41164999999999996,low_risk,Platinum/Gold
U0222_6b7e17,thin_file_new_user,2,46,0.798,1740.28,0.14,7,0.047,0.92,0.86,1.949,7.2,False,True,0.45940000000000003,insufficient_history,Pending - Needs More History
U0223_d1b65e,fraud_gaming,6,73,0.0,2053.82,-0.196,5,0.0,0.895,1.196,2.778,21.66,True,False,0.13425,fraud_flag,Rejected - Fraud Review
U0224_37a9de,stable_shop_owner,7,226,0.439,4615.58,-0.022,26,0.055,0.867,1.022,1.509,4.3,False,True,0.30019999999999997,high_risk,Bronze
U0225_4fd470,fraud_gaming,6,44,0.0,2224.68,-0.065,3,0.0,0.874,1.065,2.233,14.2,True,False,0.1311,fraud_flag,Rejected - Fraud Review
U0226_d259c8,stable_shop_owner,7,310,0.327,5421.66,-0.024,22,0.222,0.856,1.024,1.676,3.98,False,True,0.30945,medium_risk,Silver
U0227_06f7e5,gig_worker,7,306,0.512,5911.73,-0.048,27,0.0,0.887,1.048,1.452,4.82,False,True,0.31225,medium_risk,Silver
U0228_b70185,thin_file_new_user,2,33,0.58,769.68,-0.463,7,0.265,0.89,1.463,2.191,7.13,False,True,0.416,insufficient_history,Pending - Needs More History
U0229_59f09f,stable_shop_owner,7,238,0.778,4072.16,-0.073,24,0.0,0.882,1.073,1.452,4.1,False,True,0.40459999999999996,low_risk,Platinum/Gold
U0230_1a99cd,stable_shop_owner,7,255,0.421,6857.65,-0.039,21,0.159,0.873,1.039,1.513,6.65,False,True,0.32599999999999996,medium_risk,Silver
U0231_c033a8,seasonal_farmer,7,97,0.0,151777.64,0.913,8,0.155,0.883,0.087,0.529,0.06,False,True,0.36155000000000004,medium_risk,Silver
U0232_1b011e,fraud_gaming,6,77,0.0,3175.34,-0.14,7,0.019,0.885,1.14,1.572,11.17,False,False,0.13845000000000002,fraud_flag,Rejected - Fraud Review
U0233_8b6265,gig_worker,7,337,0.686,6285.88,-0.055,36,0.0,0.901,1.055,1.523,4.49,False,True,0.37525,low_risk,Platinum/Gold
U0234_fcca53,fraud_gaming,7,59,0.0,1402.98,-0.125,3,1.0,0.834,1.125,2.24,16.13,True,True,0.4251,fraud_flag,Rejected - Fraud Review
U0235_43f8af,risky_irregular,7,131,0.051,2141.69,-0.176,8,0.0,0.839,1.176,2.003,6.18,False,True,0.1437,high_risk,Bronze
U0236_d0dcf5,gig_worker,7,345,0.737,5440.66,-0.064,30,0.066,0.889,1.064,1.555,5.08,False,True,0.4110999999999999,low_risk,Platinum/Gold
U0237_45559f,risky_irregular,7,166,0.55,2003.43,-0.16,15,0.312,0.849,1.16,2.105,9.1,False,True,0.41345,low_risk,Platinum/Gold
U0238_330959,stable_shop_owner,7,265,0.436,4168.21,-0.008,31,0.0,0.838,1.008,1.731,6.85,False,True,0.2783,high_risk,Bronze
U0239_5e9388,stable_shop_owner,7,216,0.151,3075.46,-0.119,27,0.125,0.88,1.119,1.675,4.87,False,True,0.22235,high_risk,Bronze
U0240_26a926,risky_irregular,7,194,0.383,1721.42,-0.196,18,0.0,0.917,1.196,1.991,6.72,False,True,0.2716,high_risk,Bronze
U0241_3477a1,risky_irregular,7,143,0.092,692.28,-0.383,10,0.305,0.849,1.383,2.193,10.83,False,True,0.25105,high_risk,Bronze
U0242_573472,stable_shop_owner,7,279,0.526,3707.4,-0.068,34,0.09,0.917,1.068,1.769,4.86,False,True,0.34865,medium_risk,Silver
U0243_b2cdac,gig_worker,7,296,0.417,2833.6,-0.106,28,0.129,0.865,1.106,1.966,9.47,False,True,0.3144,medium_risk,Silver
U0244_825759,thin_file_new_user,2,33,0.956,2000.28,-0.064,3,0.529,0.951,1.064,1.113,2.81,False,True,0.63595,insufficient_history,Pending - Needs More History
U0245_5277ed,risky_irregular,7,184,0.163,2760.83,-0.115,19,0.0,0.857,1.115,2.239,12.18,False,True,0.1856,high_risk,Bronze
U0246_56bd23,thin_file_new_user,2,29,0.969,977.27,-0.721,3,0.0,0.801,1.721,2.031,7.02,False,True,0.45929999999999993,insufficient_history,Pending - Needs More History
U0247_a1796a,seasonal_farmer,7,117,0.0,181585.24,0.873,6,0.486,0.876,0.127,0.636,0.07,False,True,0.4518,low_risk,Platinum/Gold
U0248_898171,seasonal_farmer,5,69,0.891,48262.26,0.718,5,0.503,0.928,0.282,0.474,0.11,False,True,0.7455499999999999,low_risk,Platinum/Gold
U0249_bd140c,seasonal_farmer,6,82,0.178,136028.02,0.887,7,0.051,0.901,0.113,0.595,0.08,False,True,0.39015,low_risk,Platinum/Gold
U0250_3730e5,thin_file_new_user,2,25,0.679,767.43,-1.494,4,0.6,0.904,2.494,1.825,8.04,False,True,0.55325,insufficient_history,Pending - Needs More History
U0251_965047,risky_irregular,7,136,0.112,2503.5,-0.023,12,0.194,0.858,1.023,1.551,5.62,False,True,0.22609999999999997,high_risk,Bronze
U0252_a3110f,gig_worker,7,325,0.358,6019.44,-0.045,29,0.063,0.881,1.045,1.615,5.98,False,True,0.27635,high_risk,Bronze
U0253_79c885,stable_shop_owner,7,256,0.598,8798.04,0.008,25,0.016,0.902,0.992,1.381,3.61,False,True,0.351,medium_risk,Silver
U0254_0d333a,stable_shop_owner,7,241,0.473,4323.23,-0.051,24,0.236,0.889,1.051,1.601,5.96,False,True,0.3696999999999999,medium_risk,Silver
U0255_f46ad0,thin_file_new_user,2,31,0.0,428.76,-2.396,4,0.442,0.902,3.396,1.954,18.27,False,True,0.2679,insufficient_history,Pending - Needs More History
U0256_37f13b,risky_irregular,7,174,0.001,2905.35,-0.107,12,0.194,0.818,1.107,1.817,5.97,False,True,0.18125,high_risk,Bronze
U0257_8c1058,stable_shop_owner,7,236,0.139,5410.03,-0.02,26,0.195,0.907,1.02,1.665,4.92,False,True,0.2432,high_risk,Bronze
U0258_4f2154,stable_shop_owner,7,243,0.358,6434.66,-0.017,14,0.266,0.876,1.017,1.496,4.11,False,True,0.3365,medium_risk,Silver
U0259_709d98,gig_worker,7,346,0.474,4852.65,-0.073,25,0.0,0.885,1.073,1.557,6.24,False,True,0.29864999999999997,high_risk,Bronze
U0260_a4b0c9,stable_shop_owner,7,265,0.378,7428.87,-0.017,18,0.177,0.883,1.017,1.342,3.58,False,True,0.31784999999999997,medium_risk,Silver
U0261_f9bbfa,risky_irregular,7,158,0.348,2573.47,-0.005,20,0.0,0.872,1.005,1.765,8.02,False,True,0.2526,high_risk,Bronze
U0262_dcf21f,seasonal_farmer,6,94,0.134,60819.81,0.622,9,0.045,0.928,0.378,0.472,0.1,True,True,0.324,fraud_flag,Rejected - Fraud Review
U0263_162e12,stable_shop_owner,7,271,0.294,5634.23,-0.061,36,0.081,0.893,1.061,1.622,4.26,False,True,0.26115,high_risk,Bronze
U0264_82a042,fraud_gaming,6,87,0.0,2510.14,-0.058,9,0.108,0.929,1.058,1.959,15.56,True,False,0.17175,fraud_flag,Rejected - Fraud Review
U0265_6706a0,stable_shop_owner,7,228,0.458,3911.82,-0.032,28,0.0,0.899,1.032,1.712,3.16,False,True,0.29515,high_risk,Bronze
U0266_962d9f,stable_shop_owner,7,242,0.433,3988.73,-0.005,25,0.0,0.843,1.005,1.536,5.13,False,True,0.27799999999999997,high_risk,Bronze
U0267_662cf0,stable_shop_owner,7,293,0.653,6392.0,-0.002,29,0.254,0.865,1.002,1.764,4.38,False,True,0.4345,low_risk,Platinum/Gold
U0268_a78a1f,stable_shop_owner,7,288,0.624,6343.53,-0.033,28,0.302,0.896,1.033,1.612,5.15,False,True,0.4434,low_risk,Platinum/Gold
U0269_12d889,stable_shop_owner,7,229,0.27,5712.65,-0.019,22,0.0,0.845,1.019,1.484,3.96,False,True,0.22125,high_risk,Bronze
U0270_6fd4db,stable_shop_owner,7,248,0.337,7886.08,-0.003,26,0.313,0.846,1.003,1.605,5.07,False,True,0.33875,medium_risk,Silver
U0271_61dfe1,stable_shop_owner,7,294,0.368,11139.86,-0.025,32,0.0,0.915,1.025,1.261,3.05,False,True,0.26605,high_risk,Bronze
U0272_7866ac,stable_shop_owner,7,254,0.278,4418.84,-0.046,31,0.0,0.893,1.046,1.566,3.94,False,True,0.23124999999999998,high_risk,Bronze
U0273_48fde7,gig_worker,7,333,0.579,8730.24,-0.002,39,0.054,0.911,1.002,1.429,3.68,False,True,0.3554999999999999,medium_risk,Silver
U0274_528c7a,thin_file_new_user,2,20,0.444,1233.77,-0.034,2,0.0,0.914,1.034,1.182,2.69,False,True,0.2925,insufficient_history,Pending - Needs More History
U0275_8101dd,seasonal_farmer,7,69,0.171,50092.79,0.755,7,0.249,0.873,0.245,0.467,0.1,False,True,0.4165,low_risk,Platinum/Gold
U0276_397865,seasonal_farmer,6,87,0.172,181592.58,0.905,14,0.0,0.905,0.095,0.495,0.07,False,True,0.37695,low_risk,Platinum/Gold
U0277_9110f2,gig_worker,7,317,0.364,8358.75,-0.023,33,0.0,0.88,1.023,1.513,5.28,False,True,0.25939999999999996,high_risk,Bronze
U0278_6d83c8,risky_irregular,7,155,0.236,1358.29,-0.132,20,0.0,0.888,1.132,1.98,11.39,False,True,0.2158,high_risk,Bronze
U0279_245046,risky_irregular,7,155,0.288,1804.7,-0.029,11,0.0,0.884,1.029,1.784,8.78,False,True,0.2334,high_risk,Bronze
U0280_c1b282,stable_shop_owner,7,270,0.522,4485.2,-0.025,29,0.0,0.873,1.025,1.613,6.36,False,True,0.31365,medium_risk,Silver
U0281_f9ebef,stable_shop_owner,7,262,0.649,5704.8,-0.019,27,0.0,0.893,1.019,1.481,4.62,False,True,0.3611,medium_risk,Silver
U0282_7dfce8,stable_shop_owner,7,273,0.44,3687.62,-0.019,30,0.031,0.891,1.019,1.74,4.74,False,True,0.29695,high_risk,Bronze
U0283_7a7407,stable_shop_owner,7,250,0.383,7765.39,-0.005,24,0.004,0.9,1.005,1.487,2.65,False,True,0.27025,high_risk,Bronze
U0284_2bd204,gig_worker,7,339,0.317,5793.36,0.002,32,0.017,0.892,0.998,1.602,4.75,False,True,0.25025,high_risk,Bronze
U0285_c7b4cc,seasonal_farmer,6,84,0.036,125717.36,0.907,7,0.318,0.898,0.093,0.619,0.07,False,True,0.4241,low_risk,Platinum/Gold
U0286_96e9c9,stable_shop_owner,7,275,0.332,4482.01,-0.048,22,0.077,0.886,1.048,1.482,4.57,False,True,0.2722,high_risk,Bronze
U0287_12a2eb,seasonal_farmer,3,90,0.34,342270.4,0.893,9,0.0,0.953,0.107,0.605,0.09,False,True,0.44055,low_risk,Platinum/Gold
U0288_0c66ab,gig_worker,7,326,0.597,6184.68,-0.048,29,0.226,0.88,1.048,1.546,4.53,False,True,0.40874999999999995,low_risk,Platinum/Gold
U0289_f83dc9,stable_shop_owner,7,248,0.413,5823.09,-0.035,32,0.12,0.882,1.035,1.785,9.39,False,True,0.31284999999999996,medium_risk,Silver
U0290_751d22,risky_irregular,7,144,0.413,3286.35,-0.035,8,0.025,0.871,1.035,1.616,5.48,False,True,0.28269999999999995,high_risk,Bronze
U0291_355279,stable_shop_owner,7,217,0.266,4816.78,0.0,19,0.0,0.88,1.0,1.69,4.04,False,True,0.22510000000000002,high_risk,Bronze
U0292_53192b,fraud_gaming,7,67,0.0,3283.18,-0.076,3,0.025,0.848,1.076,1.753,11.35,True,False,0.1347,fraud_flag,Rejected - Fraud Review
U0293_effdb9,stable_shop_owner,7,264,0.514,6261.43,0.029,30,0.0,0.89,0.971,1.65,5.77,False,True,0.31920000000000004,medium_risk,Silver
U0294_6435c6,risky_irregular,7,153,0.332,2088.74,-0.088,10,0.274,0.839,1.088,1.765,7.32,False,True,0.32425000000000004,medium_risk,Silver
U0295_bdfc57,fraud_gaming,7,75,0.0,2375.38,-0.118,8,0.122,0.903,1.118,1.973,15.89,True,False,0.17204999999999998,fraud_flag,Rejected - Fraud Review
U0296_376c6e,fraud_gaming,7,99,0.0,1668.74,-0.095,5,0.411,0.848,1.095,2.356,19.36,True,False,0.25049999999999994,fraud_flag,Rejected - Fraud Review
U0297_768bc2,risky_irregular,7,194,0.173,1115.22,-0.37,14,0.0,0.876,1.37,2.394,7.53,False,True,0.19194999999999998,high_risk,Bronze
U0298_c0fd7c,risky_irregular,7,143,0.211,1326.95,-0.061,12,0.235,0.884,1.061,2.008,5.79,False,True,0.27695,high_risk,Bronze
U0299_2f83ba,thin_file_new_user,2,29,0.0,1293.56,-0.772,2,0.0,0.9,1.772,1.786,3.44,False,True,0.135,insufficient_history,Pending - Needs More History
U0300_7b5521,risky_irregular,7,137,0.158,2776.1,0.0,10,0.096,0.866,1.0,1.804,5.53,False,True,0.21399999999999997,high_risk,Bronze
U0301_8020c8,stable_shop_owner,7,263,0.398,4611.59,-0.044,25,0.139,0.893,1.044,1.772,5.62,False,True,0.31494999999999995,medium_risk,Silver
U0302_301b17,gig_worker,7,348,0.476,5066.13,-0.025,34,0.0,0.882,1.025,1.581,7.92,False,True,0.29889999999999994,high_risk,Bronze
U0303_a5fa49,gig_worker,7,312,0.514,3667.41,0.025,27,0.0,0.862,0.975,1.657,5.72,False,True,0.31420000000000003,medium_risk,Silver
U0304_cf1f94,risky_irregular,7,168,0.464,2717.1,-0.053,16,0.097,0.86,1.053,1.978,8.44,False,True,0.3205,medium_risk,Silver
U0305_90ffa2,gig_worker,7,293,0.229,4711.86,-0.013,35,0.048,0.857,1.013,1.641,5.77,False,True,0.2231,high_risk,Bronze
U0306_d1c7b4,seasonal_farmer,6,62,0.282,59303.93,0.777,9,0.0,0.939,0.223,0.742,0.2,False,True,0.39494999999999997,low_risk,Platinum/Gold
U0307_a77cec,thin_file_new_user,2,31,0.234,1046.68,-0.799,7,0.421,0.98,1.799,1.752,5.79,False,True,0.35519999999999996,insufficient_history,Pending - Needs More History
U0308_a516e5,stable_shop_owner,7,237,0.752,6230.2,-0.041,24,0.2,0.902,1.041,1.334,3.99,False,True,0.4585,low_risk,Platinum/Gold
U0309_3075f5,stable_shop_owner,7,256,0.413,8091.38,-0.035,25,0.0,0.893,1.035,1.398,3.16,False,True,0.27849999999999997,high_risk,Bronze
U0310_fce16f,gig_worker,7,315,0.391,3647.14,-0.1,35,0.044,0.896,1.1,1.751,6.87,False,True,0.28445,high_risk,Bronze
U0311_e8457d,seasonal_farmer,6,86,0.07,155842.24,0.913,11,0.0,0.867,0.087,0.558,0.07,False,True,0.33715,medium_risk,Silver
U0312_bb1c36,stable_shop_owner,7,264,0.69,3452.45,-0.055,25,0.213,0.886,1.055,1.858,5.69,False,True,0.4382999999999999,low_risk,Platinum/Gold
U0313_e2d218,seasonal_farmer,7,74,0.185,72770.4,0.774,7,0.538,0.927,0.226,0.5,0.09,False,True,0.52,low_risk,Platinum/Gold
U0314_83f84b,seasonal_farmer,6,90,0.0,137436.3,0.857,4,0.549,0.807,0.143,0.624,0.08,False,True,0.45715,low_risk,Platinum/Gold
U0315_bc1701,seasonal_farmer,5,89,0.286,222541.96,0.899,8,0.0,0.894,0.101,0.599,0.08,False,True,0.414,low_risk,Platinum/Gold
U0316_0613f8,seasonal_farmer,6,65,0.0,63109.7,0.796,6,0.0,0.896,0.204,0.643,0.13,False,True,0.29359999999999997,high_risk,Bronze
U0317_5ede8a,thin_file_new_user,2,27,0.0,253.3,-4.005,3,0.576,0.861,5.005,2.227,5.71,False,True,0.30194999999999994,insufficient_history,Pending - Needs More History
U0318_e076b2,stable_shop_owner,7,250,0.265,5506.3,-0.032,29,0.254,0.866,1.032,1.66,4.52,False,True,0.29884999999999995,high_risk,Bronze
U0319_1c1922,fraud_gaming,7,92,0.0,2787.17,-0.051,10,0.0,0.885,1.051,2.697,25.09,True,False,0.13275,fraud_flag,Rejected - Fraud Review
U0320_64e437,fraud_gaming,6,64,0.0,1297.11,-0.046,7,0.011,0.817,1.046,3.367,26.18,True,False,0.12585,fraud_flag,Rejected - Fraud Review
U0321_318ded,gig_worker,7,331,0.371,6918.58,-0.007,26,0.087,0.861,1.007,1.549,5.47,False,True,0.28509999999999996,high_risk,Bronze
U0322_2462c8,seasonal_farmer,5,78,0.352,122102.95,0.84,5,0.562,0.914,0.16,0.539,0.09,True,True,0.5969,fraud_flag,Rejected - Fraud Review
U0323_73aad0,gig_worker,7,332,0.636,8407.74,-0.004,28,0.069,0.871,1.004,1.595,5.44,False,True,0.37395,low_risk,Platinum/Gold
U0324_9838a8,risky_irregular,7,177,0.681,2125.28,-0.043,13,0.204,0.869,1.043,2.022,4.36,False,True,0.42989999999999995,low_risk,Platinum/Gold
U0325_5dd163,thin_file_new_user,2,25,0.0,419.43,-0.657,2,0.0,0.832,1.657,1.816,5.47,False,True,0.1248,insufficient_history,Pending - Needs More History
U0326_405c97,risky_irregular,7,138,0.102,2936.96,-0.084,9,0.135,0.862,1.084,1.62,4.05,False,True,0.2055,high_risk,Bronze
U0327_1751d3,gig_worker,7,285,0.304,4614.76,-0.007,32,0.0,0.889,1.007,1.676,4.73,False,True,0.23975,high_risk,Bronze
U0328_74737b,thin_file_new_user,2,28,0.667,2242.59,-0.156,3,0.316,0.765,1.156,1.213,2.67,False,True,0.44299999999999995,insufficient_history,Pending - Needs More History
U0329_89bd14,stable_shop_owner,7,282,0.278,8628.6,0.009,29,0.052,0.888,0.991,1.429,5.57,False,True,0.24789999999999998,high_risk,Bronze
U0330_5360c3,thin_file_new_user,2,20,0.0,867.87,-0.998,4,0.039,0.969,1.998,1.509,2.35,False,True,0.15704999999999997,insufficient_history,Pending - Needs More History
U0331_309d15,stable_shop_owner,7,252,0.368,5538.33,-0.065,23,0.131,0.894,1.065,1.581,5.11,False,True,0.3022,high_risk,Bronze
U0332_4ab4e5,thin_file_new_user,2,25,0.493,1776.64,-0.175,2,0.0,0.908,1.175,0.812,1.48,False,True,0.30874999999999997,insufficient_history,Pending - Needs More History
U0333_f9cd1b,risky_irregular,7,166,0.017,2882.44,-0.113,18,0.0,0.873,1.113,1.933,9.22,False,True,0.1369,high_risk,Bronze
U0334_94a51f,stable_shop_owner,7,281,0.643,10524.37,-0.003,17,0.0,0.857,1.003,1.257,2.91,False,True,0.3536,medium_risk,Silver
U0335_900784,thin_file_new_user,2,13,0.54,874.02,-0.961,3,0.614,0.948,1.961,1.082,2.9,False,True,0.5154,insufficient_history,Pending - Needs More History
U0336_0382f7,stable_shop_owner,7,276,0.855,3496.71,-0.03,29,0.0,0.868,1.03,1.56,4.76,False,True,0.42944999999999994,low_risk,Platinum/Gold
U0337_66a290,thin_file_new_user,2,32,0.579,704.4,-1.704,5,0.224,0.859,2.704,1.829,9.56,False,True,0.39869999999999994,insufficient_history,Pending - Needs More History
U0338_38e7b3,stable_shop_owner,7,186,0.459,3729.28,-0.05,14,0.589,0.892,1.05,1.465,4.37,False,True,0.47114999999999996,low_risk,Platinum/Gold
U0339_60d2a1,fraud_gaming,7,65,0.0,1586.15,-0.253,3,0.107,0.852,1.253,2.325,17.73,True,False,0.1599,fraud_flag,Rejected - Fraud Review
U0340_5a99c1,stable_shop_owner,7,264,0.398,5568.33,-0.011,30,0.0,0.898,1.011,1.514,6.0,False,True,0.274,high_risk,Bronze
U0341_46405f,fraud_gaming,7,52,0.0,2003.6,-0.115,3,0.269,0.886,1.115,2.652,19.0,True,False,0.2136,fraud_flag,Rejected - Fraud Review
U0342_dd74eb,risky_irregular,7,128,0.457,3339.25,-0.009,10,0.379,0.825,1.009,1.655,6.55,False,True,0.3974,low_risk,Platinum/Gold
U0343_0d476c,gig_worker,7,300,0.46,5249.15,0.001,39,0.0,0.858,0.999,1.713,4.74,False,True,0.2899,high_risk,Bronze
U0344_794c57,risky_irregular,7,167,0.288,2076.35,-0.176,14,0.0,0.864,1.176,2.18,15.11,False,True,0.2304,high_risk,Bronze
U0345_d3399b,risky_irregular,7,158,0.552,3097.36,-0.064,19,0.0,0.896,1.064,1.673,7.5,False,True,0.3276,medium_risk,Silver
U0346_ff0ab4,fraud_gaming,7,66,0.0,1584.02,-0.093,6,0.11,0.869,1.093,3.07,24.25,True,False,0.16335,fraud_flag,Rejected - Fraud Review
U0347_e10f2a,stable_shop_owner,7,233,0.483,7015.76,-0.006,25,0.0,0.897,1.006,1.341,2.92,False,True,0.3036,high_risk,Bronze
U0348_8e0e5f,gig_worker,7,312,0.457,3947.96,-0.049,34,0.245,0.892,1.049,1.832,5.81,False,True,0.36724999999999997,medium_risk,Silver
U0349_57ceff,stable_shop_owner,7,278,0.231,4196.43,-0.014,26,0.291,0.882,1.014,1.965,7.71,False,True,0.30045,high_risk,Bronze
U0350_6ff334,thin_file_new_user,2,27,0.4,986.97,-0.718,3,0.0,0.803,1.718,1.609,11.27,False,True,0.26044999999999996,insufficient_history,Pending - Needs More History
U0351_d1b7b2,stable_shop_owner,7,246,0.401,5487.39,-0.013,23,0.11,0.88,1.013,1.51,5.16,False,True,0.30535,medium_risk,Silver
U0352_787941,gig_worker,7,311,0.424,4460.54,-0.054,27,0.038,0.855,1.054,1.565,5.76,False,True,0.28805,high_risk,Bronze
U0353_9c97e4,gig_worker,7,345,0.532,8591.14,0.024,34,0.084,0.909,0.976,1.456,5.75,False,True,0.35255000000000003,medium_risk,Silver
U0354_4edfc2,gig_worker,7,358,0.39,7590.58,-0.029,29,0.104,0.895,1.029,1.512,6.06,False,True,0.30195,high_risk,Bronze
U0355_67d010,gig_worker,7,305,0.434,5079.31,0.014,27,0.032,0.877,0.986,1.593,4.67,False,True,0.29584999999999995,high_risk,Bronze
U0356_36fdef,risky_irregular,7,154,0.502,2906.42,-0.136,15,0.066,0.876,1.136,1.719,7.35,False,True,0.32689999999999997,medium_risk,Silver
U0357_f664f6,risky_irregular,7,186,0.358,4806.93,-0.048,23,0.135,0.913,1.048,1.665,4.21,False,True,0.30274999999999996,high_risk,Bronze
U0358_42021c,gig_worker,7,315,0.685,7808.15,0.014,29,0.069,0.862,0.986,1.352,3.42,False,True,0.39255000000000007,low_risk,Platinum/Gold
U0359_cb801b,gig_worker,7,328,0.468,5903.81,-0.039,33,0.066,0.871,1.039,1.702,5.11,False,True,0.31425000000000003,medium_risk,Silver
U0360_4d089e,fraud_gaming,6,78,0.0,2836.8,-0.118,8,0.0,0.89,1.118,1.368,9.4,True,False,0.1335,fraud_flag,Rejected - Fraud Review
U0361_e1cb11,stable_shop_owner,7,263,0.34,6349.04,-0.03,25,0.11,0.859,1.03,1.629,5.12,False,True,0.28085,high_risk,Bronze
U0362_0b75c0,stable_shop_owner,7,265,0.446,4403.31,-0.075,20,0.334,0.875,1.075,1.886,7.0,False,True,0.38754999999999995,low_risk,Platinum/Gold
U0363_cda7a5,stable_shop_owner,7,272,0.0,3825.3,-0.025,28,0.15,0.869,1.025,1.844,6.55,False,True,0.17535,high_risk,Bronze
U0364_617e14,thin_file_new_user,2,28,0.14,1443.52,-0.496,2,0.0,0.859,1.496,1.319,2.48,False,True,0.17785,insufficient_history,Pending - Needs More History
U0365_8f2915,seasonal_farmer,5,88,0.124,167415.19,0.9,5,0.09,0.911,0.1,0.59,0.07,False,True,0.38705,low_risk,Platinum/Gold
U0366_f407d6,risky_irregular,7,167,0.0,3276.8,-0.02,13,0.237,0.872,1.02,1.975,7.19,False,True,0.2019,high_risk,Bronze
U0367_54fc3d,thin_file_new_user,2,22,0.0,385.95,-1.179,2,0.0,0.896,2.179,2.364,7.66,False,True,0.1344,insufficient_history,Pending - Needs More History
U0368_9fb5f3,seasonal_farmer,5,59,0.014,147108.48,0.913,10,0.0,0.921,0.087,0.677,0.11,False,True,0.32565,medium_risk,Silver
U0369_4ce7f8,risky_irregular,7,143,0.415,2420.52,-0.011,12,0.0,0.919,1.011,1.644,6.5,False,True,0.2831,high_risk,Bronze
U0370_5e52de,risky_irregular,7,183,0.467,3872.84,-0.05,11,0.097,0.867,1.05,1.707,6.44,False,True,0.3226,medium_risk,Silver
U0371_f04a2b,stable_shop_owner,7,209,0.28,3558.22,-0.103,26,0.044,0.924,1.103,1.573,6.77,False,True,0.24980000000000002,high_risk,Bronze
U0372_e695e1,seasonal_farmer,5,74,0.0,212121.28,0.931,9,0.0,0.943,0.069,0.635,0.09,False,True,0.32765,medium_risk,Silver
U0373_aad4c2,seasonal_farmer,5,73,0.0,100688.95,0.845,8,0.219,0.915,0.155,0.518,0.09,True,True,0.37195,fraud_flag,Rejected - Fraud Review
U0374_405af4,stable_shop_owner,7,253,0.55,7403.19,0.029,20,0.0,0.866,0.971,1.423,4.78,False,True,0.3282,medium_risk,Silver
U0375_2ffcf7,stable_shop_owner,7,232,0.445,3787.02,-0.064,21,0.0,0.871,1.064,1.905,8.22,False,True,0.2864,high_risk,Bronze
U0376_d677a2,fraud_gaming,7,70,0.0,1249.66,-0.053,6,0.215,0.835,1.053,3.363,27.21,True,False,0.18975,fraud_flag,Rejected - Fraud Review
U0377_457aa0,seasonal_farmer,4,80,0.421,130862.86,0.838,7,0.0,0.895,0.162,0.543,0.08,False,True,0.44919999999999993,low_risk,Platinum/Gold
U0378_47fbd6,seasonal_farmer,7,104,0.0,214981.89,0.915,10,0.0,0.924,0.085,0.654,0.07,False,True,0.3216,medium_risk,Silver
U0379_63e622,thin_file_new_user,2,31,0.077,1331.48,-0.698,4,0.0,0.908,1.698,2.078,6.41,False,True,0.16315,insufficient_history,Pending - Needs More History
U0380_9d7cf2,gig_worker,7,304,0.565,6074.58,0.069,34,0.009,0.888,0.931,1.759,4.03,False,True,0.34745,medium_risk,Silver
U0381_863a67,fraud_gaming,6,83,0.0,1996.73,-0.121,7,0.0,0.912,1.121,2.038,15.46,True,False,0.1368,fraud_flag,Rejected - Fraud Review
U0382_c2b238,risky_irregular,7,178,0.488,2245.03,0.006,12,0.0,0.86,0.994,1.673,5.78,False,True,0.301,high_risk,Bronze
U0383_288a46,gig_worker,7,336,0.718,4583.81,-0.006,31,0.0,0.886,1.006,1.398,3.71,False,True,0.3842,low_risk,Platinum/Gold
U0384_c4c75c,seasonal_farmer,6,87,0.0,104050.59,0.825,3,0.347,0.825,0.175,0.564,0.08,True,True,0.39285,fraud_flag,Rejected - Fraud Review
U0385_d0a19e,fraud_gaming,7,66,0.0,2076.3,-0.158,5,0.0,0.858,1.158,3.451,26.9,True,False,0.12869999999999998,fraud_flag,Rejected - Fraud Review
U0386_d12608,thin_file_new_user,2,23,0.0,618.87,-0.553,4,0.0,0.966,1.553,1.932,9.0,False,True,0.1449,insufficient_history,Pending - Needs More History
U0387_3c607e,fraud_gaming,6,77,0.146,2315.87,-0.056,7,0.0,0.897,1.056,1.642,8.98,True,False,0.18564999999999998,fraud_flag,Rejected - Fraud Review
U0388_82b46f,stable_shop_owner,7,248,0.57,5227.0,-0.027,24,0.005,0.884,1.027,1.776,5.5,False,True,0.3336,medium_risk,Silver
U0389_ff14af,risky_irregular,7,154,0.113,1859.85,-0.103,16,0.0,0.863,1.103,2.288,9.2,False,True,0.16899999999999998,high_risk,Bronze
U0390_4d5f57,thin_file_new_user,2,29,0.664,1481.29,-0.84,4,0.015,0.834,1.84,1.712,5.62,False,True,0.362,insufficient_history,Pending - Needs More History
U0391_2a556b,stable_shop_owner,7,252,0.189,4672.82,0.001,36,0.049,0.883,0.999,1.657,4.61,False,True,0.2135,high_risk,Bronze
U0392_1c62e9,gig_worker,7,288,0.555,3163.98,-0.102,25,0.185,0.866,1.102,1.717,9.1,False,True,0.37965,low_risk,Platinum/Gold
U0393_b08cb5,thin_file_new_user,2,27,0.083,600.45,-2.378,3,0.345,0.947,3.378,1.262,11.32,False,True,0.27459999999999996,insufficient_history,Pending - Needs More History
U0394_8e05b9,stable_shop_owner,7,301,0.518,7943.04,-0.004,35,0.083,0.921,1.004,1.621,3.73,False,True,0.34435,medium_risk,Silver
U0395_ce2fba,gig_worker,7,319,0.425,3778.69,-0.02,24,0.175,0.884,1.02,1.565,5.87,False,True,0.33385,medium_risk,Silver
U0396_13a6a0,risky_irregular,7,170,0.0,1807.2,-0.009,13,0.0,0.842,1.009,2.163,7.46,False,True,0.1263,high_risk,Bronze
U0397_548603,stable_shop_owner,7,240,0.495,3663.83,-0.028,29,0.0,0.876,1.028,1.795,5.09,False,True,0.30465,medium_risk,Silver
U0398_8d3a89,gig_worker,7,327,0.648,5272.86,-0.028,34,0.157,0.882,1.028,1.555,5.19,False,True,0.4062,low_risk,Platinum/Gold
U0399_ea20c5,seasonal_farmer,7,100,0.0,103918.92,0.808,9,0.118,0.891,0.192,0.534,0.08,False,True,0.33065,medium_risk,Silver
U0400_7e0767,seasonal_farmer,6,79,0.498,173342.11,0.914,9,0.356,0.906,0.086,0.651,0.09,False,True,0.5998,low_risk,Platinum/Gold
U0401_6df58f,fraud_gaming,7,62,0.0,1503.43,-0.063,5,0.0,0.892,1.063,2.775,20.86,True,False,0.1338,fraud_flag,Rejected - Fraud Review
U0402_a48934,risky_irregular,7,185,0.447,3208.82,-0.042,14,0.037,0.877,1.042,1.541,5.59,False,True,0.29910000000000003,high_risk,Bronze
U0403_93b4d5,stable_shop_owner,7,272,0.381,7156.89,-0.022,24,0.0,0.893,1.022,1.359,3.37,False,True,0.2673,high_risk,Bronze
U0404_a5ec5d,fraud_gaming,7,80,0.0,1452.63,-0.199,7,0.0,0.914,1.199,2.742,22.27,True,True,0.1371,fraud_flag,Rejected - Fraud Review
U0405_d2218e,risky_irregular,7,152,0.0,1384.21,-0.087,16,0.088,0.91,1.087,2.599,10.06,False,True,0.16290000000000002,high_risk,Bronze
U0406_c46e28,stable_shop_owner,7,231,0.548,3396.23,-0.049,28,0.0,0.911,1.049,1.766,5.63,False,True,0.32845,medium_risk,Silver
U0407_b9a9f9,risky_irregular,7,163,0.228,3822.51,-0.068,7,0.138,0.871,1.068,1.743,8.08,False,True,0.25185,high_risk,Bronze
U0408_b0f2be,stable_shop_owner,7,247,0.326,2882.55,-0.011,28,0.0,0.864,1.011,1.893,8.45,False,True,0.24369999999999997,high_risk,Bronze
U0409_7fd2e8,fraud_gaming,6,70,0.0,2510.23,-0.023,3,0.0,0.907,1.023,1.29,8.43,True,True,0.13605,fraud_flag,Rejected - Fraud Review
U0410_ddeab9,thin_file_new_user,2,22,0.0,1142.37,-0.683,2,0.0,0.896,1.683,1.005,1.26,False,True,0.1344,insufficient_history,Pending - Needs More History
U0411_071237,thin_file_new_user,2,27,0.0,458.1,-2.951,3,0.0,0.842,3.951,2.79,8.63,False,True,0.1263,insufficient_history,Pending - Needs More History
U0412_4a31e1,stable_shop_owner,7,247,0.077,3265.93,-0.019,33,0.227,0.876,1.019,1.709,7.21,False,True,0.22644999999999998,high_risk,Bronze
U0413_558c9c,risky_irregular,7,174,0.0,1545.29,-0.09,12,0.33,0.856,1.09,2.488,10.66,False,True,0.2274,high_risk,Bronze
U0414_867192,stable_shop_owner,7,246,0.615,7639.27,-0.036,28,0.0,0.885,1.036,1.41,3.94,False,True,0.348,medium_risk,Silver
U0415_70a4c6,stable_shop_owner,7,238,0.466,5378.55,-0.007,23,0.268,0.897,1.007,1.518,4.57,False,True,0.37805,low_risk,Platinum/Gold
U0416_a948de,stable_shop_owner,7,236,0.557,8548.43,-0.031,20,0.072,0.878,1.031,1.312,4.46,False,True,0.34825,medium_risk,Silver
U0417_eb1229,risky_irregular,7,144,0.0,1399.24,-0.222,15,0.277,0.885,1.222,2.112,10.02,False,True,0.21585000000000001,high_risk,Bronze
U0418_a12868,stable_shop_owner,7,251,0.435,6844.32,-0.038,25,0.32,0.873,1.038,1.66,4.09,False,True,0.3792,low_risk,Platinum/Gold
U0419_141c33,fraud_gaming,6,61,0.0,1414.79,-0.171,3,0.0,0.865,1.171,2.792,20.96,True,True,0.12975,fraud_flag,Rejected - Fraud Review
U0420_453d3c,thin_file_new_user,2,28,0.756,1321.0,-1.053,4,0.0,0.877,2.053,1.503,3.53,False,True,0.39615,insufficient_history,Pending - Needs More History
U0421_0d3429,stable_shop_owner,7,236,0.015,4926.53,-0.033,20,0.124,0.894,1.033,1.618,5.44,False,True,0.17654999999999998,high_risk,Bronze
U0422_d7d708,stable_shop_owner,7,255,0.559,4618.85,-0.063,20,0.101,0.874,1.063,1.508,3.78,False,True,0.35705,medium_risk,Silver
U0423_fdc86b,stable_shop_owner,7,243,0.295,5235.25,-0.018,25,0.069,0.886,1.018,1.767,7.21,False,True,0.25684999999999997,high_risk,Bronze
U0424_f38aca,thin_file_new_user,2,32,0.0,676.12,-0.847,4,0.0,0.968,1.847,2.107,7.98,False,True,0.1452,insufficient_history,Pending - Needs More History
U0425_2336f6,risky_irregular,7,152,0.285,1257.76,-0.211,13,0.205,0.885,1.211,1.635,15.1,False,True,0.294,high_risk,Bronze
U0426_0567c4,stable_shop_owner,7,231,0.464,4153.44,0.032,25,0.115,0.885,0.968,1.692,5.27,False,True,0.33604999999999996,medium_risk,Silver
U0427_df3097,risky_irregular,7,199,0.439,1791.63,-0.191,25,0.0,0.857,1.191,2.112,10.57,False,True,0.2822,high_risk,Bronze
U0428_cffd97,stable_shop_owner,7,293,0.476,5985.83,0.025,28,0.223,0.846,0.975,1.797,4.83,False,True,0.36539999999999995,medium_risk,Silver
U0429_cd377b,risky_irregular,7,164,0.36,4221.49,-0.058,15,0.247,0.86,1.058,2.057,9.46,False,True,0.3291,medium_risk,Silver
U0430_64fb33,fraud_gaming,7,74,0.0,2613.67,-0.046,7,0.488,0.936,1.046,2.495,20.85,True,False,0.2868,fraud_flag,Rejected - Fraud Review
U0431_d28c77,risky_irregular,7,162,0.456,970.19,-0.21,17,0.01,0.882,1.21,2.713,24.58,False,True,0.2949,high_risk,Bronze
U0432_28cfe3,thin_file_new_user,2,31,0.212,2541.8,-0.092,4,0.697,0.749,1.092,1.092,2.75,False,True,0.39565,insufficient_history,Pending - Needs More History
U0433_3597ad,risky_irregular,7,160,0.153,1962.07,-0.138,14,0.0,0.879,1.138,2.344,12.56,False,True,0.18539999999999998,high_risk,Bronze
U0434_db365e,stable_shop_owner,7,268,0.553,7031.81,-0.047,29,0.0,0.875,1.047,1.4,4.37,False,True,0.3248,medium_risk,Silver
U0435_aac965,stable_shop_owner,7,279,0.408,4491.75,-0.035,25,0.014,0.875,1.035,1.764,5.55,False,True,0.27825,high_risk,Bronze
U0436_d36c8a,stable_shop_owner,7,258,0.593,8713.86,0.0,22,0.285,0.881,1.0,1.381,3.37,False,True,0.42519999999999997,low_risk,Platinum/Gold
U0437_1c501e,gig_worker,7,275,0.317,2677.54,-0.055,34,0.0,0.899,1.055,2.019,6.33,False,True,0.2458,high_risk,Bronze
U0438_670e40,thin_file_new_user,2,25,0.0,904.74,-1.306,6,0.023,0.962,2.306,1.524,2.5,False,True,0.15119999999999997,insufficient_history,Pending - Needs More History
U0439_39b819,thin_file_new_user,2,18,0.0,0.0,0.0,1,0.0,0.653,,1.822,2.74,False,True,0.09795,insufficient_history,Pending - Needs More History
U0440_9f4039,risky_irregular,7,148,0.283,1116.7,-0.258,13,0.0,0.87,1.258,2.062,14.64,False,True,0.22954999999999998,high_risk,Bronze
U0441_ed5d23,stable_shop_owner,7,271,0.416,3802.47,-0.03,29,0.005,0.893,1.03,1.74,6.28,False,True,0.28104999999999997,high_risk,Bronze
U0442_61e38d,thin_file_new_user,2,30,0.705,1557.69,-0.859,5,0.0,0.923,1.859,2.11,8.03,False,True,0.3852,insufficient_history,Pending - Needs More History
U0443_2061c2,stable_shop_owner,7,258,0.556,5969.69,-0.034,28,0.0,0.88,1.034,1.445,3.86,False,True,0.3266,medium_risk,Silver
U0444_597cc9,stable_shop_owner,7,249,0.281,6168.09,0.015,24,0.0,0.867,0.985,1.699,3.96,False,True,0.2314,high_risk,Bronze
U0445_f5fc8d,thin_file_new_user,2,26,0.0,185.44,-6.515,3,0.0,0.745,7.515,2.442,8.16,False,True,0.11175,insufficient_history,Pending - Needs More History
U0446_55a366,fraud_gaming,7,67,0.0,1641.4,-0.142,6,0.0,0.925,1.142,1.923,13.02,True,False,0.13875,fraud_flag,Rejected - Fraud Review
U0447_bc1951,thin_file_new_user,2,19,0.475,354.26,-3.363,4,0.269,0.908,4.363,1.92,4.4,False,True,0.38315,insufficient_history,Pending - Needs More History
U0448_fe2dfe,stable_shop_owner,7,258,0.491,6508.82,-0.044,22,0.156,0.835,1.044,1.506,4.31,False,True,0.3439,medium_risk,Silver
U0449_4300ea,thin_file_new_user,2,17,0.0,984.21,-1.226,2,0.0,0.899,2.226,1.095,1.56,False,True,0.13485,insufficient_history,Pending - Needs More History
U0450_830380,stable_shop_owner,7,241,0.203,6052.47,-0.029,19,0.19,0.844,1.029,1.417,4.19,False,True,0.25465,high_risk,Bronze
U0451_26bb16,risky_irregular,7,150,0.447,3926.3,-0.058,14,0.263,0.867,1.058,1.525,5.89,False,True,0.3654,medium_risk,Silver
U0452_c7cb3f,thin_file_new_user,2,31,0.931,1922.79,-0.153,4,0.219,0.876,1.153,1.626,3.69,False,True,0.5229499999999999,insufficient_history,Pending - Needs More History
U0453_eed6cb,stable_shop_owner,7,269,0.47,8071.4,-0.042,32,0.0,0.896,1.042,1.528,3.8,True,True,0.29889999999999994,fraud_flag,Rejected - Fraud Review
U0454_8c5367,stable_shop_owner,7,253,0.579,6912.21,-0.047,18,0.066,0.849,1.047,1.614,4.51,False,True,0.3498,medium_risk,Silver
U0455_237a0f,stable_shop_owner,7,250,0.507,7241.04,-0.016,19,0.102,0.86,1.016,1.562,3.79,False,True,0.33704999999999996,medium_risk,Silver
U0456_6583da,fraud_gaming,7,58,0.0,1692.51,-0.028,4,0.0,0.868,1.028,3.436,26.02,True,False,0.13019999999999998,fraud_flag,Rejected - Fraud Review
U0457_76018e,gig_worker,7,301,0.554,5770.54,-0.064,34,0.304,0.891,1.064,1.428,5.72,False,True,0.41875,low_risk,Platinum/Gold
U0458_f64bb8,risky_irregular,7,175,0.429,1410.27,-0.05,13,0.0,0.857,1.05,1.843,5.57,False,True,0.27869999999999995,high_risk,Bronze
U0459_9e5404,thin_file_new_user,2,25,0.0,1318.22,-0.825,5,0.544,0.982,1.825,1.393,2.64,False,True,0.3105,insufficient_history,Pending - Needs More History
U0460_7aa50d,gig_worker,7,286,0.358,6419.91,-0.009,29,0.319,0.886,1.009,1.396,4.01,False,True,0.3539,medium_risk,Silver
U0461_61779f,stable_shop_owner,7,262,0.26,2332.12,-0.078,24,0.0,0.835,1.078,2.021,8.48,False,True,0.21625,high_risk,Bronze
U0462_4d5bbe,fraud_gaming,6,83,0.0,1913.19,-0.12,10,0.0,0.9,1.12,2.245,17.44,True,False,0.135,fraud_flag,Rejected - Fraud Review
U0463_3337d4,seasonal_farmer,6,81,0.072,111474.12,0.813,7,0.0,0.922,0.187,0.544,0.12,False,True,0.3261,medium_risk,Silver
U0464_da6eeb,gig_worker,7,294,0.476,6203.88,0.004,23,0.018,0.875,0.996,1.357,4.66,False,True,0.30404999999999993,medium_risk,Silver
U0465_f5e3bf,thin_file_new_user,2,20,0.0,0.0,0.0,2,0.0,0.879,,3.796,51.91,False,True,0.13185,insufficient_history,Pending - Needs More History
U0466_a97e85,thin_file_new_user,2,23,0.278,1332.25,-0.844,3,0.0,0.914,1.844,1.608,3.41,False,True,0.2344,insufficient_history,Pending - Needs More History
U0467_e6f7e6,fraud_gaming,7,63,0.0,1425.24,-0.291,7,0.0,0.986,1.291,2.23,15.87,False,False,0.1479,fraud_flag,Rejected - Fraud Review
U0468_655102,stable_shop_owner,7,262,0.272,7332.61,-0.011,21,0.132,0.898,1.011,1.537,3.76,False,True,0.26949999999999996,high_risk,Bronze
U0469_156eba,gig_worker,7,312,0.339,4500.73,-0.012,26,0.0,0.855,1.012,1.695,5.59,False,True,0.2469,high_risk,Bronze
U0470_126f64,seasonal_farmer,6,70,0.0,119181.36,0.875,4,0.457,0.895,0.125,0.705,0.11,False,True,0.44635,low_risk,Platinum/Gold
U0471_c207cb,gig_worker,7,319,0.472,5600.5,-0.03,39,0.041,0.884,1.03,1.674,7.27,False,True,0.3101,medium_risk,Silver
U0472_6c3029,stable_shop_owner,7,318,0.38,9330.66,0.003,37,0.0,0.9,0.997,1.545,3.78,False,True,0.26859999999999995,high_risk,Bronze
U0473_72ccb5,stable_shop_owner,7,247,0.676,4464.39,-0.014,30,0.113,0.906,1.014,1.509,4.94,False,True,0.4064,low_risk,Platinum/Gold
U0474_bb81df,stable_shop_owner,7,249,0.544,3655.49,-0.043,21,0.0,0.853,1.043,1.767,5.59,False,True,0.31835,medium_risk,Silver
U0475_c6b287,seasonal_farmer,5,76,0.0,127145.01,0.852,3,1.0,0.862,0.148,0.631,0.08,True,True,0.5997,fraud_flag,Rejected - Fraud Review
U0476_d2611c,seasonal_farmer,5,71,0.0,117286.54,0.853,7,0.0,0.918,0.147,0.712,0.14,False,True,0.3083,medium_risk,Silver
U0477_cdefd8,thin_file_new_user,2,26,0.0,2378.31,-0.543,8,0.0,0.862,1.543,1.513,3.57,False,True,0.1293,insufficient_history,Pending - Needs More History
U0478_b96e9b,thin_file_new_user,2,33,0.447,2351.98,-0.16,2,0.0,0.878,1.16,1.06,3.61,False,True,0.28815,insufficient_history,Pending - Needs More History
U0479_23c782,seasonal_farmer,6,79,0.16,69016.39,0.787,7,0.335,0.949,0.213,0.736,0.16,False,True,0.45625,low_risk,Platinum/Gold
U0480_7ed55f,seasonal_farmer,5,97,0.155,205231.9,0.883,4,0.173,0.896,0.117,0.608,0.08,False,True,0.41715,low_risk,Platinum/Gold
U0481_daa772,stable_shop_owner,7,233,0.341,5256.36,-0.013,26,0.085,0.885,1.013,1.753,5.38,False,True,0.2776,high_risk,Bronze
U0482_7d0894,gig_worker,7,347,0.623,8263.61,-0.023,27,0.012,0.865,1.023,1.389,3.61,False,True,0.3514,medium_risk,Silver
U0483_72c52b,seasonal_farmer,4,75,0.547,152810.0,0.861,8,0.0,0.864,0.139,0.538,0.07,False,True,0.49325,low_risk,Platinum/Gold
U0484_5c6271,stable_shop_owner,7,245,0.409,5963.48,-0.037,27,0.273,0.845,1.037,1.534,3.95,False,True,0.3518,medium_risk,Silver
U0485_5f72b0,seasonal_farmer,7,83,0.0,157505.67,0.924,9,0.0,0.871,0.076,0.484,0.06,False,True,0.31545,medium_risk,Silver
U0486_7f9b7d,gig_worker,7,309,0.599,6859.33,-0.004,22,0.109,0.887,1.004,1.348,4.7,False,True,0.37539999999999996,low_risk,Platinum/Gold
U0487_b5d7ca,stable_shop_owner,7,242,0.405,4441.07,-0.027,24,0.122,0.886,1.027,1.669,5.39,False,True,0.31124999999999997,medium_risk,Silver
U0488_4858d3,gig_worker,7,359,0.696,3807.49,-0.029,43,0.058,0.874,1.029,1.576,4.51,False,True,0.39209999999999995,low_risk,Platinum/Gold
U0489_3643e9,gig_worker,7,323,0.607,7531.63,-0.006,34,0.0,0.874,1.006,1.446,6.61,False,True,0.34354999999999997,medium_risk,Silver
U0490_a88b24,thin_file_new_user,2,27,0.295,1389.32,-0.473,2,0.0,0.871,1.473,1.371,3.45,False,True,0.2339,insufficient_history,Pending - Needs More History
U0491_5119aa,thin_file_new_user,2,38,0.754,1038.11,-0.727,3,0.828,0.825,1.727,2.025,5.02,False,True,0.63605,insufficient_history,Pending - Needs More History
U0492_f11d83,thin_file_new_user,2,22,0.0,205.21,-5.429,4,0.0,0.883,6.429,2.675,6.18,False,True,0.13244999999999998,insufficient_history,Pending - Needs More History
U0493_eabef3,seasonal_farmer,5,57,0.0,108140.77,0.878,7,0.0,0.915,0.122,0.635,0.12,False,True,0.31285,medium_risk,Silver
U0494_7eb91f,risky_irregular,7,211,0.298,4449.7,-0.033,16,0.0,0.83,1.033,2.031,5.51,False,True,0.22879999999999998,high_risk,Bronze
U0495_f3737d,gig_worker,7,312,0.579,5713.84,-0.033,31,0.0,0.87,1.033,1.602,5.68,False,True,0.33314999999999995,medium_risk,Silver
U0496_79640b,seasonal_farmer,5,71,0.0,204038.35,0.929,6,0.178,0.891,0.071,0.641,0.09,False,True,0.37285,low_risk,Platinum/Gold
U0497_e0e8f1,thin_file_new_user,2,26,0.0,1366.0,-0.956,1,0.0,0.902,1.956,0.87,1.26,False,True,0.1353,insufficient_history,Pending - Needs More History
U0498_d038e8,seasonal_farmer,6,94,0.0,55020.82,0.656,10,0.03,0.877,0.344,0.804,0.14,True,True,0.27175000000000005,fraud_flag,Rejected - Fraud Review
U0499_fd65af,gig_worker,7,369,0.66,8043.79,-0.005,34,0.03,0.883,1.005,1.588,4.9,False,True,0.37244999999999995,low_risk,Platinum/Gold
U0500_e9da5e,thin_file_new_user,2,24,0.114,824.2,-1.662,6,0.161,0.965,2.662,1.96,4.28,False,True,0.23295,insufficient_history,Pending - Needs More History
U0501_095452,risky_irregular,7,152,0.458,2209.75,-0.141,19,0.125,0.92,1.141,1.865,12.8,False,True,0.3358,medium_risk,Silver
U0502_a3e8ad,fraud_gaming,7,86,0.0,1607.79,-0.248,9,0.0,0.837,1.248,2.09,16.53,True,True,0.12555,fraud_flag,Rejected - Fraud Review
U0503_b1ccdd,gig_worker,7,322,0.303,4706.69,-0.019,29,0.123,0.899,1.019,1.578,5.03,False,True,0.2778,high_risk,Bronze
U0504_d536a5,gig_worker,7,374,0.529,4333.17,-0.026,34,0.0,0.859,1.026,1.696,5.55,False,True,0.314,medium_risk,Silver
U0505_bca6e2,risky_irregular,7,177,0.339,2007.91,-0.024,14,0.0,0.859,1.024,2.094,10.37,False,True,0.2475,high_risk,Bronze
U0506_8f161f,seasonal_farmer,6,79,0.0,172997.56,0.888,8,0.211,0.93,0.112,0.684,0.11,False,True,0.3804,low_risk,Platinum/Gold
U0507_2170b5,risky_irregular,7,147,0.523,1062.49,-0.292,10,0.385,0.881,1.292,2.416,8.53,False,True,0.43069999999999997,low_risk,Platinum/Gold
U0508_4c9b65,gig_worker,7,349,0.717,9844.8,0.001,33,0.072,0.894,0.999,1.421,3.78,True,True,0.40684999999999993,fraud_flag,Rejected - Fraud Review
U0509_e465a9,stable_shop_owner,7,241,0.114,4567.14,-0.033,22,0.223,0.854,1.033,1.936,7.8,False,True,0.2349,high_risk,Bronze
U0510_a5aaf2,stable_shop_owner,7,272,0.358,5754.05,-0.022,26,0.0,0.848,1.022,1.618,4.07,False,True,0.25249999999999995,high_risk,Bronze
U0511_bdc812,risky_irregular,7,166,0.428,4010.41,-0.02,15,0.0,0.881,1.02,1.802,6.63,False,True,0.28195,high_risk,Bronze
U0512_0974f0,stable_shop_owner,7,253,0.308,3685.84,-0.103,17,0.093,0.858,1.103,1.879,6.87,False,True,0.26439999999999997,high_risk,Bronze
U0513_a1e449,stable_shop_owner,7,245,0.428,6510.31,-0.054,23,0.0,0.867,1.054,1.667,5.13,False,True,0.27985,high_risk,Bronze
U0514_bd8a5e,seasonal_farmer,7,90,0.0,97111.52,0.843,11,0.039,0.924,0.157,0.545,0.08,True,True,0.31889999999999996,fraud_flag,Rejected - Fraud Review
U0515_06959c,stable_shop_owner,7,220,0.581,5751.16,-0.018,26,0.0,0.885,1.018,1.454,4.56,False,True,0.33609999999999995,medium_risk,Silver
U0516_56de42,seasonal_farmer,6,85,0.086,56360.6,0.762,9,0.246,0.876,0.238,0.635,0.1,True,True,0.38769999999999993,fraud_flag,Rejected - Fraud Review
U0517_75eb9a,thin_file_new_user,2,31,0.319,1443.16,-0.906,6,0.304,0.93,1.906,1.674,3.29,False,True,0.34235,insufficient_history,Pending - Needs More History
U0518_ac55da,stable_shop_owner,7,262,0.268,4962.9,-0.05,34,0.0,0.906,1.05,1.661,4.46,False,True,0.2297,high_risk,Bronze
U0519_aba64b,risky_irregular,7,156,0.455,1698.26,-0.214,10,0.058,0.89,1.214,1.935,5.82,False,True,0.31015000000000004,medium_risk,Silver
U0520_0b0279,risky_irregular,7,156,0.151,2869.7,-0.025,17,0.229,0.855,1.025,2.433,11.24,False,True,0.2498,high_risk,Bronze
U0521_666347,seasonal_farmer,4,57,0.28,187149.86,0.922,4,0.173,0.855,0.078,0.602,0.1,False,True,0.46255,low_risk,Platinum/Gold
U0522_294348,stable_shop_owner,7,243,0.557,6492.33,-0.02,24,0.045,0.915,1.02,1.229,3.59,False,True,0.3457,medium_risk,Silver
U0523_09b27e,thin_file_new_user,2,19,0.0,253.35,-0.567,1,0.0,0.888,1.567,3.863,16.67,False,True,0.13319999999999999,insufficient_history,Pending - Needs More History
U0524_802bea,stable_shop_owner,7,270,0.113,3932.41,-0.03,34,0.0,0.904,1.03,1.962,4.55,False,True,0.17515,high_risk,Bronze
U0525_f4053f,seasonal_farmer,5,71,0.0,220078.01,0.927,10,0.0,0.892,0.073,0.687,0.1,False,True,0.31920000000000004,medium_risk,Silver
U0526_b55326,fraud_gaming,6,61,0.0,1453.52,-0.28,9,0.0,0.898,1.28,2.471,16.34,True,True,0.1347,fraud_flag,Rejected - Fraud Review
U0527_59ae66,fraud_gaming,7,87,0.0,2028.41,-0.142,7,0.0,0.875,1.142,1.988,15.76,True,False,0.13125,fraud_flag,Rejected - Fraud Review
U0528_cd6c61,risky_irregular,7,162,0.391,2383.09,-0.086,19,0.149,0.85,1.086,2.342,13.3,False,True,0.30905,medium_risk,Silver
U0529_7bc6b5,seasonal_farmer,5,73,0.338,206426.84,0.922,6,0.09,0.883,0.078,0.597,0.1,False,True,0.46214999999999995,low_risk,Platinum/Gold
U0530_38ea74,thin_file_new_user,2,33,0.0,1412.4,-0.859,3,0.0,0.846,1.859,1.341,3.94,False,True,0.12689999999999999,insufficient_history,Pending - Needs More History
U0531_464589,thin_file_new_user,2,25,0.417,1127.13,-0.312,7,0.0,0.875,1.312,1.458,4.0,False,True,0.2772,insufficient_history,Pending - Needs More History
U0532_26076a,seasonal_farmer,6,72,0.0,105030.73,0.864,6,0.133,0.899,0.136,0.581,0.1,False,True,0.34755,medium_risk,Silver
U0533_b4e46c,thin_file_new_user,2,31,0.0,606.94,-0.786,5,0.0,0.754,1.786,3.212,11.77,False,True,0.11309999999999999,insufficient_history,Pending - Needs More History
U0534_d5062e,stable_shop_owner,7,233,0.556,6689.71,0.008,27,0.0,0.897,0.992,1.287,3.26,False,True,0.33075,medium_risk,Silver
U0535_b24a66,stable_shop_owner,7,254,0.441,6803.01,0.05,34,0.0,0.861,0.95,1.638,4.64,False,True,0.2935,high_risk,Bronze
U0536_792bee,gig_worker,7,332,0.584,6200.98,-0.049,35,0.0,0.899,1.049,1.824,9.7,False,True,0.33924999999999994,medium_risk,Silver
U0537_5cbddc,stable_shop_owner,7,248,0.596,6295.68,-0.039,23,0.074,0.885,1.039,1.487,6.95,False,True,0.36355,medium_risk,Silver
U0538_968cc4,stable_shop_owner,7,264,0.74,3557.72,-0.001,25,0.357,0.885,1.001,1.601,3.99,False,True,0.49885,low_risk,Platinum/Gold
U0539_1475ad,risky_irregular,7,199,0.472,3327.58,-0.066,20,0.0,0.856,1.066,2.172,10.06,False,True,0.29359999999999997,high_risk,Bronze
U0540_61ccb5,fraud_gaming,7,70,0.0,1675.88,-0.047,8,0.0,0.855,1.047,2.366,17.89,True,False,0.12825,fraud_flag,Rejected - Fraud Review
U0541_f28607,gig_worker,7,336,0.555,4298.62,-0.03,36,0.202,0.91,1.03,1.589,5.22,False,True,0.39135000000000003,low_risk,Platinum/Gold
U0542_9b20fb,risky_irregular,7,154,0.0,1051.32,-0.16,12,0.382,0.886,1.16,1.965,12.46,False,True,0.2475,high_risk,Bronze
U0543_cc6ed4,fraud_gaming,7,64,0.0,2473.5,-0.063,4,0.163,0.904,1.063,1.689,12.21,True,False,0.1845,fraud_flag,Rejected - Fraud Review
U0544_108d9f,stable_shop_owner,7,231,0.466,3421.36,0.022,22,0.069,0.896,0.978,1.631,4.93,False,True,0.3226,medium_risk,Silver
U0545_f8e508,seasonal_farmer,6,83,0.0,143177.6,0.872,8,0.0,0.888,0.128,0.499,0.07,False,True,0.3076,medium_risk,Silver
U0546_a7fc47,seasonal_farmer,5,83,0.0,127692.61,0.819,7,0.055,0.902,0.181,0.811,0.16,False,True,0.3156,medium_risk,Silver
U0547_e5f65c,stable_shop_owner,7,263,0.428,7721.68,-0.02,25,0.155,0.91,1.02,1.485,6.09,False,True,0.3328,medium_risk,Silver
U0548_6bb177,risky_irregular,7,155,0.162,1916.97,-0.127,11,0.21,0.879,1.127,1.934,9.85,False,True,0.25155,high_risk,Bronze
U0549_6ebe6d,seasonal_farmer,7,81,0.196,136747.34,0.904,11,0.0,0.911,0.096,0.507,0.08,False,True,0.38605,low_risk,Platinum/Gold
U0550_73e646,gig_worker,7,345,0.643,7741.84,-0.017,37,0.207,0.919,1.017,1.605,5.9,False,True,0.42500000000000004,low_risk,Platinum/Gold
U0551_6a3192,stable_shop_owner,7,243,0.57,6111.97,-0.023,25,0.056,0.903,1.023,1.368,3.58,False,True,0.35175,medium_risk,Silver
U0552_56c300,stable_shop_owner,7,246,0.607,5214.69,0.01,16,0.151,0.873,0.99,1.417,4.51,False,True,0.39069999999999994,low_risk,Platinum/Gold
U0553_32af95,fraud_gaming,7,75,0.0,1856.22,-0.03,5,0.345,0.85,1.03,1.79,14.1,True,True,0.23099999999999998,fraud_flag,Rejected - Fraud Review
U0554_5a2512,stable_shop_owner,7,253,0.432,8189.21,0.014,26,0.0,0.896,0.986,1.377,6.42,False,True,0.2884,high_risk,Bronze
U0555_fc323d,stable_shop_owner,7,203,0.405,2942.32,-0.02,18,0.0,0.864,1.02,1.502,5.8,False,True,0.27135,high_risk,Bronze
U0556_061b15,stable_shop_owner,7,216,0.429,5376.03,-0.005,25,0.0,0.867,1.005,1.449,5.21,False,True,0.2802,high_risk,Bronze
U0557_c1e19c,gig_worker,7,332,0.49,5810.07,0.006,29,0.189,0.896,0.994,1.455,4.03,False,True,0.3638,medium_risk,Silver
U0558_8e14bd,gig_worker,7,322,0.553,6052.76,-0.057,26,0.0,0.883,1.057,1.226,3.14,False,True,0.32599999999999996,medium_risk,Silver
U0559_21e352,gig_worker,7,321,0.526,5326.07,-0.052,22,0.016,0.886,1.052,1.492,6.14,False,True,0.3218,medium_risk,Silver
U0560_3c9c76,stable_shop_owner,7,233,0.541,3722.89,-0.051,29,0.0,0.873,1.051,1.658,5.22,False,True,0.3203,medium_risk,Silver
U0561_67c7ef,stable_shop_owner,7,240,0.649,5214.34,-0.021,15,0.131,0.885,1.021,1.22,4.2,False,True,0.3992,low_risk,Platinum/Gold
U0562_ed9b40,risky_irregular,7,177,0.205,3208.22,0.003,21,0.223,0.849,0.997,2.105,6.45,False,True,0.26659999999999995,high_risk,Bronze
U0563_7a06cc,thin_file_new_user,2,28,0.755,1275.44,-0.154,6,0.0,0.983,1.154,1.268,3.55,False,True,0.41169999999999995,insufficient_history,Pending - Needs More History
U0564_ed2f2d,thin_file_new_user,2,33,0.496,1726.89,-0.361,5,0.405,0.897,1.361,1.733,5.75,False,True,0.42965,insufficient_history,Pending - Needs More History
U0565_89fb4f,thin_file_new_user,2,28,0.0,1502.83,-0.306,2,0.0,0.811,1.306,1.534,4.14,False,True,0.12165000000000001,insufficient_history,Pending - Needs More History
U0566_5cd72c,risky_irregular,7,167,0.556,1259.32,-0.091,14,0.046,0.862,1.091,1.907,9.55,False,True,0.3377,medium_risk,Silver
U0567_bf7247,stable_shop_owner,7,260,0.587,5128.1,-0.003,32,0.0,0.923,1.003,1.466,5.13,False,True,0.3439,medium_risk,Silver
U0568_796706,seasonal_farmer,5,80,0.158,82804.12,0.777,5,0.0,0.922,0.223,0.583,0.09,True,True,0.349,fraud_flag,Rejected - Fraud Review
U0569_871d01,gig_worker,7,325,0.449,3410.85,-0.101,24,0.057,0.877,1.101,1.609,6.39,False,True,0.30579999999999996,medium_risk,Silver
U0570_3805c8,seasonal_farmer,6,90,0.339,86119.82,0.764,6,0.279,0.896,0.236,0.463,0.08,True,True,0.48955000000000004,fraud_flag,Rejected - Fraud Review
U0571_4dbf45,risky_irregular,7,154,0.254,3776.23,-0.043,16,0.141,0.897,1.043,1.603,7.02,False,True,0.26575,high_risk,Bronze
U0572_06b18f,gig_worker,7,315,0.624,6539.09,-0.01,25,0.24,0.854,1.01,1.707,5.58,False,True,0.4185,low_risk,Platinum/Gold
U0573_ca49c7,risky_irregular,7,157,0.546,1119.04,-0.323,18,0.0,0.848,1.323,1.816,15.75,False,True,0.31829999999999997,medium_risk,Silver
U0574_588a25,risky_irregular,7,157,0.088,2964.3,-0.117,18,0.441,0.863,1.117,2.157,8.41,False,True,0.29255,high_risk,Bronze
U0575_c7d89a,gig_worker,7,342,0.54,7633.84,0.001,30,0.113,0.857,0.999,1.563,5.48,False,True,0.35165,medium_risk,Silver
U0576_71be0b,fraud_gaming,7,71,0.0,1922.31,-0.048,4,0.0,0.9,1.048,1.742,12.93,False,False,0.135,fraud_flag,Rejected - Fraud Review
U0577_f5a85d,gig_worker,7,382,0.313,5253.58,-0.057,41,0.084,0.893,1.057,1.87,6.19,False,True,0.26869999999999994,high_risk,Bronze
U0578_b1fadb,risky_irregular,7,126,0.033,1380.36,-0.096,15,0.028,0.898,1.096,1.93,5.81,False,True,0.15464999999999998,high_risk,Bronze
U0579_a1822e,seasonal_farmer,7,80,0.183,88866.71,0.83,9,0.0,0.947,0.17,0.594,0.11,False,True,0.3721,low_risk,Platinum/Gold
U0580_b986a5,gig_worker,7,295,0.753,3796.99,-0.047,38,0.171,0.886,1.047,1.906,7.52,False,True,0.44775,low_risk,Platinum/Gold
U0581_b0e28e,gig_worker,7,324,0.625,5652.49,-0.012,36,0.118,0.882,1.012,1.697,5.41,False,True,0.38644999999999996,low_risk,Platinum/Gold
U0582_8e3d01,stable_shop_owner,7,246,0.353,5562.31,-0.04,36,0.037,0.882,1.04,1.804,3.86,False,True,0.26695,high_risk,Bronze
U0583_58a245,seasonal_farmer,6,78,0.377,208474.59,0.929,7,0.062,0.875,0.071,0.585,0.08,False,True,0.4676,low_risk,Platinum/Gold
U0584_75b5bb,fraud_gaming,6,58,0.0,2082.59,-0.222,4,0.0,0.837,1.222,2.157,14.15,True,False,0.12555,fraud_flag,Rejected - Fraud Review
U0585_a83d02,thin_file_new_user,2,25,0.696,1575.37,0.05,3,0.205,0.936,0.95,1.564,2.61,False,True,0.4554999999999999,insufficient_history,Pending - Needs More History
U0586_091ffc,stable_shop_owner,7,266,0.643,4171.61,-0.029,24,0.233,0.876,1.029,1.683,4.88,False,True,0.42635,low_risk,Platinum/Gold
U0587_cdfafc,seasonal_farmer,7,92,0.0,104697.31,0.826,9,0.112,0.94,0.174,0.574,0.09,False,True,0.3398,medium_risk,Silver
U0588_9581cc,stable_shop_owner,7,291,0.418,7002.08,-0.028,33,0.0,0.877,1.028,1.768,4.58,False,True,0.27785,high_risk,Bronze
U0589_64ce2f,stable_shop_owner,7,284,0.452,9695.29,0.001,29,0.104,0.892,0.999,1.389,3.43,True,True,0.3234,fraud_flag,Rejected - Fraud Review
U0590_4314b5,fraud_gaming,7,79,0.0,1299.96,-0.223,9,0.055,0.875,1.223,3.515,30.04,True,False,0.14775,fraud_flag,Rejected - Fraud Review
U0591_8b820b,seasonal_farmer,6,110,0.0,269008.42,0.909,9,0.153,0.855,0.091,0.709,0.07,False,True,0.35595,medium_risk,Silver
U0592_9971bf,seasonal_farmer,5,96,0.172,136869.44,0.837,11,0.0,0.941,0.163,0.696,0.1,True,True,0.36874999999999997,fraud_flag,Rejected - Fraud Review
U0593_9aa9c0,gig_worker,7,328,0.518,6873.43,-0.013,27,0.0,0.849,1.013,1.488,6.13,False,True,0.30865,medium_risk,Silver
U0594_0dac01,stable_shop_owner,7,262,0.646,5688.7,-0.061,31,0.067,0.896,1.061,1.402,3.79,False,True,0.3806,low_risk,Platinum/Gold
U0595_943ea7,stable_shop_owner,7,252,0.421,2462.75,-0.061,27,0.0,0.876,1.061,1.903,5.29,False,True,0.27874999999999994,high_risk,Bronze
U0596_244b47,thin_file_new_user,2,19,0.817,1927.69,-0.002,2,0.0,0.976,1.002,0.844,1.28,False,True,0.43235,insufficient_history,Pending - Needs More History
U0597_402a87,thin_file_new_user,2,42,0.827,1662.2,-0.459,5,0.0,0.877,1.459,1.926,6.89,False,True,0.421,insufficient_history,Pending - Needs More History
U0598_cf2389,fraud_gaming,7,65,0.0,1544.48,-0.163,11,0.0,0.899,1.163,2.74,20.04,True,False,0.13485,fraud_flag,Rejected - Fraud Review
U0599_d77c6d,thin_file_new_user,2,33,0.898,827.08,-0.537,3,0.717,0.958,1.537,1.699,3.03,False,True,0.6731,insufficient_history,Pending - Needs More History
U0600_8c5524,gig_worker,7,303,0.282,3856.75,0.014,40,0.1,0.899,0.986,1.947,6.22,False,True,0.26635,high_risk,Bronze
U0601_3d91fa,risky_irregular,7,157,0.573,2141.81,-0.086,11,0.0,0.842,1.086,2.098,6.83,False,True,0.32685,medium_risk,Silver
U0602_7ea21c,fraud_gaming,6,73,0.0,2043.92,-0.054,6,0.0,0.859,1.054,3.37,27.49,True,False,0.12885,fraud_flag,Rejected - Fraud Review
U0603_886145,thin_file_new_user,2,30,0.981,2449.74,0.021,3,0.34,0.948,0.979,1.166,2.0,False,True,0.59175,insufficient_history,Pending - Needs More History
U0604_ac799a,fraud_gaming,7,81,0.0,2192.68,-0.047,3,0.0,0.893,1.047,1.714,14.22,True,False,0.13394999999999999,fraud_flag,Rejected - Fraud Review
U0605_468298,risky_irregular,7,149,0.131,1705.64,-0.035,11,0.0,0.888,1.035,1.757,6.67,False,True,0.17905,high_risk,Bronze
U0606_02baa7,risky_irregular,7,153,0.52,3653.61,-0.041,12,0.082,0.886,1.041,1.216,4.03,False,True,0.3395,medium_risk,Silver
U0607_89dbca,stable_shop_owner,7,261,0.412,5576.1,-0.038,24,0.0,0.865,1.038,1.49,4.27,False,True,0.27395,high_risk,Bronze
U0608_ec0dca,thin_file_new_user,2,30,0.139,1564.44,-0.455,2,0.0,0.87,1.455,1.536,3.51,False,True,0.17915,insufficient_history,Pending - Needs More History
U0609_63bbfe,seasonal_farmer,6,86,0.0,55549.61,0.684,9,0.0,0.946,0.316,0.554,0.11,True,True,0.2787,fraud_flag,Rejected - Fraud Review
U0610_347309,gig_worker,7,345,0.543,4467.31,-0.065,37,0.173,0.903,1.065,1.422,4.88,False,True,0.37739999999999996,low_risk,Platinum/Gold
U0611_9960de,thin_file_new_user,2,28,0.0,457.18,-1.191,2,0.0,0.905,2.191,1.371,2.47,False,True,0.13575,insufficient_history,Pending - Needs More History
U0612_97b5d6,fraud_gaming,6,63,0.0,2333.94,-0.069,5,0.045,0.903,1.069,1.399,8.06,True,False,0.14895,fraud_flag,Rejected - Fraud Review
U0613_4a0eba,fraud_gaming,7,82,0.0,1689.06,-0.1,7,0.0,0.912,1.1,2.648,21.48,True,True,0.1368,fraud_flag,Rejected - Fraud Review
U0614_61b07b,stable_shop_owner,7,229,0.235,5425.91,-0.058,22,0.347,0.871,1.058,1.525,8.09,False,True,0.31699999999999995,medium_risk,Silver
U0615_948552,thin_file_new_user,2,31,0.0,1047.52,-0.22,6,0.0,0.897,1.22,1.825,3.74,False,True,0.13455,insufficient_history,Pending - Needs More History
U0616_1c790c,thin_file_new_user,2,30,0.665,745.62,-1.395,5,0.0,0.934,2.395,2.0,11.65,False,True,0.37285,insufficient_history,Pending - Needs More History
U0617_d799db,seasonal_farmer,6,81,0.0,201189.36,0.921,11,0.0,0.954,0.079,0.656,0.09,False,True,0.32730000000000004,medium_risk,Silver
U0618_ed47cb,stable_shop_owner,7,225,0.315,5533.49,-0.004,24,0.124,0.921,1.004,1.61,4.57,False,True,0.28559999999999997,high_risk,Bronze
U0619_57ad42,stable_shop_owner,7,281,0.447,5218.61,0.008,34,0.0,0.908,0.992,1.502,5.28,False,True,0.29425,high_risk,Bronze
U0620_87b4f6,risky_irregular,7,147,0.392,928.89,-0.397,13,0.0,0.885,1.397,2.266,11.89,False,True,0.26995,high_risk,Bronze
U0621_db132e,gig_worker,7,324,0.432,7713.62,0.003,21,0.374,0.878,0.997,1.506,4.04,False,True,0.39569999999999994,low_risk,Platinum/Gold
U0622_ab06ac,fraud_gaming,7,57,0.0,1943.87,-0.087,7,0.0,0.859,1.087,3.661,27.08,True,False,0.12885,fraud_flag,Rejected - Fraud Review
U0623_ce332d,gig_worker,7,320,0.428,4051.5,-0.081,34,0.0,0.878,1.081,1.622,4.29,False,True,0.2815,high_risk,Bronze
U0624_e8dff2,fraud_gaming,7,75,0.0,1503.22,-0.164,6,0.0,0.801,1.164,2.408,19.11,True,False,0.12015,fraud_flag,Rejected - Fraud Review
U0625_2d85e0,seasonal_farmer,6,96,0.0,227457.64,0.917,8,0.0,0.856,0.083,0.595,0.06,False,True,0.31179999999999997,medium_risk,Silver
U0626_5e4b41,risky_irregular,7,187,0.115,1263.99,-0.237,11,0.108,0.867,1.237,2.218,16.11,False,True,0.2027,high_risk,Bronze
U0627_986d52,stable_shop_owner,7,248,0.473,4592.08,-0.051,16,0.139,0.855,1.051,1.461,3.87,False,True,0.3355,medium_risk,Silver
U0628_c374e2,gig_worker,7,332,0.456,4968.78,-0.009,29,0.135,0.881,1.009,1.433,5.57,False,True,0.33225,medium_risk,Silver
U0629_be4f0a,risky_irregular,7,155,0.379,2296.62,-0.14,17,0.098,0.863,1.14,1.785,6.26,False,True,0.2915,high_risk,Bronze
U0630_e65c19,fraud_gaming,6,65,0.0,1535.62,-0.176,6,0.0,0.855,1.176,2.435,17.34,True,True,0.12825,fraud_flag,Rejected - Fraud Review
U0631_3518f3,risky_irregular,7,149,0.535,1612.19,-0.193,13,0.0,0.897,1.193,2.246,13.01,False,True,0.3218,medium_risk,Silver
U0632_37f7ff,stable_shop_owner,7,240,0.282,6489.39,-0.027,27,0.052,0.912,1.027,1.492,4.38,False,True,0.2511,high_risk,Bronze
U0633_c94a7f,seasonal_farmer,7,85,0.385,103202.97,0.851,9,0.183,0.947,0.149,0.494,0.08,False,True,0.5019,low_risk,Platinum/Gold
U0634_ad3c1c,stable_shop_owner,7,280,0.485,6564.07,-0.006,38,0.167,0.871,1.006,1.842,4.89,False,True,0.3505,medium_risk,Silver
U0635_c965a8,stable_shop_owner,7,244,0.643,7302.6,-0.052,21,0.055,0.896,1.052,1.3,4.05,False,True,0.37595,low_risk,Platinum/Gold
U0636_d84d84,thin_file_new_user,2,26,0.0,296.79,-2.696,4,0.0,0.896,3.696,2.58,8.51,False,True,0.1344,insufficient_history,Pending - Needs More History
U0637_9ca68a,thin_file_new_user,2,24,0.0,484.74,-0.451,4,0.0,0.899,1.451,3.726,17.97,False,True,0.13485,insufficient_history,Pending - Needs More History
U0638_31aec6,risky_irregular,7,152,0.391,2875.81,-0.078,15,0.0,0.894,1.078,1.898,6.87,False,True,0.27095,high_risk,Bronze
U0639_0a258b,risky_irregular,7,167,0.681,4776.72,-0.02,11,0.0,0.872,1.02,1.729,6.71,False,True,0.36915,medium_risk,Silver
U0640_da2800,thin_file_new_user,2,27,0.244,1547.13,-0.909,2,0.0,0.833,1.909,0.934,4.34,False,True,0.21034999999999998,insufficient_history,Pending - Needs More History
U0641_48f991,risky_irregular,7,171,0.425,1142.09,-0.197,15,0.006,0.847,1.197,2.459,12.54,False,True,0.27759999999999996,high_risk,Bronze
U0642_b4e7e9,stable_shop_owner,7,266,0.598,5109.51,0.029,27,0.106,0.892,0.971,1.585,4.5,False,True,0.3807,low_risk,Platinum/Gold
U0643_6bb4a5,stable_shop_owner,7,271,0.541,6201.14,0.02,30,0.035,0.91,0.98,1.374,3.9,False,True,0.34035000000000004,medium_risk,Silver
U0644_009a01,thin_file_new_user,2,24,0.425,1576.28,0.062,3,0.772,0.917,0.938,1.019,2.88,False,True,0.5303,insufficient_history,Pending - Needs More History
U0645_900e90,risky_irregular,7,130,0.283,2654.92,-0.096,12,0.0,0.875,1.096,1.805,7.38,False,True,0.2303,high_risk,Bronze
U0646_77fbc2,stable_shop_owner,7,246,0.521,7854.31,-0.027,26,0.193,0.915,1.027,1.469,3.14,False,True,0.3775,low_risk,Platinum/Gold
U0647_cc2e09,gig_worker,7,340,0.615,5836.51,-0.056,37,0.119,0.896,1.056,1.597,4.48,False,True,0.38534999999999997,low_risk,Platinum/Gold
U0648_1e9a90,thin_file_new_user,2,30,0.924,1120.0,-0.381,3,0.0,0.828,1.381,1.682,4.71,False,True,0.4476,insufficient_history,Pending - Needs More History
U0649_0ec339,stable_shop_owner,7,245,0.178,5157.06,-0.036,22,0.223,0.868,1.036,1.636,4.71,False,True,0.25939999999999996,high_risk,Bronze
U0650_453116,seasonal_farmer,6,79,0.0,68558.85,0.722,6,0.024,0.926,0.278,0.61,0.11,True,True,0.2905,fraud_flag,Rejected - Fraud Review
U0651_857e4f,risky_irregular,7,189,0.0,3900.15,-0.04,14,0.0,0.853,1.04,1.931,5.45,False,True,0.12794999999999998,high_risk,Bronze
U0652_2d21aa,thin_file_new_user,2,38,0.0,736.5,-0.627,5,0.0,0.843,1.627,1.743,6.47,False,True,0.12644999999999998,insufficient_history,Pending - Needs More History
U0653_8d0a0b,stable_shop_owner,7,220,0.486,6732.02,-0.021,24,0.0,0.849,1.021,1.43,5.17,False,True,0.29745,high_risk,Bronze
U0654_24df65,risky_irregular,7,165,0.0,1131.97,-0.262,13,0.117,0.873,1.262,2.255,14.94,False,True,0.16604999999999998,high_risk,Bronze
U0655_2eb2bc,seasonal_farmer,6,88,0.055,159198.87,0.879,8,0.305,0.925,0.121,0.528,0.08,False,True,0.4253,low_risk,Platinum/Gold
U0656_f3437c,risky_irregular,7,178,0.626,1615.08,-0.179,18,0.163,0.823,1.179,2.266,10.05,False,True,0.39145,low_risk,Platinum/Gold
U0657_8f4f38,stable_shop_owner,7,240,0.411,7166.45,-0.026,24,0.253,0.9,1.026,1.693,3.39,False,True,0.35475,medium_risk,Silver
U0658_e3a3d4,gig_worker,7,317,0.521,7283.42,-0.014,27,0.101,0.894,1.014,1.439,3.86,False,True,0.34675,medium_risk,Silver
U0659_8ccb52,seasonal_farmer,5,90,0.0,143483.43,0.818,10,0.0,0.891,0.182,0.562,0.08,False,True,0.29725,high_risk,Bronze
U0660_d93561,stable_shop_owner,7,257,0.414,6963.39,-0.034,22,0.23,0.822,1.034,1.704,5.07,False,True,0.33719999999999994,medium_risk,Silver
U0661_d5f4bc,risky_irregular,7,117,0.0,2282.31,-0.089,7,0.369,0.877,1.089,1.887,6.57,False,True,0.24225,high_risk,Bronze
U0662_f5408e,stable_shop_owner,7,245,0.555,5019.84,-0.008,14,0.276,0.868,1.008,1.592,4.7,False,True,0.40725,low_risk,Platinum/Gold
U0663_1e4cc8,stable_shop_owner,7,274,0.534,4940.44,-0.026,30,0.256,0.909,1.026,1.641,4.52,False,True,0.40005,low_risk,Platinum/Gold
U0664_16322e,seasonal_farmer,5,75,0.248,93362.89,0.786,9,0.0,0.901,0.214,0.579,0.11,True,True,0.37915,fraud_flag,Rejected - Fraud Review
U0665_c1be88,thin_file_new_user,2,31,0.0,114.8,-11.077,1,0.0,0.745,12.077,3.957,31.83,False,True,0.11175,insufficient_history,Pending - Needs More History
U0666_99c3af,risky_irregular,7,164,0.015,2139.41,-0.185,10,0.417,0.819,1.185,2.46,8.72,False,True,0.2532,high_risk,Bronze
U0667_bed3ac,fraud_gaming,7,82,0.0,1355.99,-0.289,8,0.117,0.853,1.289,2.662,18.02,True,True,0.16304999999999997,fraud_flag,Rejected - Fraud Review
U0668_7fbea0,stable_shop_owner,7,267,0.699,3925.64,-0.096,25,0.034,0.852,1.096,1.838,11.21,False,True,0.38264999999999993,low_risk,Platinum/Gold
U0669_f6bf49,seasonal_farmer,4,58,0.147,159746.29,0.901,4,0.779,0.899,0.099,0.521,0.09,False,True,0.6002000000000001,low_risk,Platinum/Gold
U0670_3d1383,stable_shop_owner,7,252,0.339,4774.63,-0.015,17,0.0,0.868,1.015,1.788,6.17,False,True,0.24885,high_risk,Bronze
U0671_077849,gig_worker,7,296,0.626,7433.67,-0.012,39,0.147,0.907,1.012,1.372,4.09,False,True,0.39925,low_risk,Platinum/Gold
U0672_967374,fraud_gaming,7,51,0.0,1300.72,-0.092,4,0.0,0.945,1.092,3.743,26.42,True,True,0.14175,fraud_flag,Rejected - Fraud Review
U0673_814b29,thin_file_new_user,2,35,0.83,1124.79,-1.019,4,0.242,0.921,2.019,1.874,4.51,False,True,0.50125,insufficient_history,Pending - Needs More History
U0674_5572e3,gig_worker,7,306,0.662,3968.66,-0.015,25,0.242,0.902,1.015,1.62,5.96,False,True,0.4396,low_risk,Platinum/Gold
U0675_1f5208,seasonal_farmer,5,66,0.0,147453.48,0.847,7,0.176,0.906,0.153,0.623,0.13,False,True,0.3581,medium_risk,Silver
U0676_4444f1,fraud_gaming,7,81,0.0,3045.93,-0.06,6,0.337,0.844,1.06,2.294,18.64,True,False,0.2277,fraud_flag,Rejected - Fraud Review
U0677_f36984,gig_worker,7,331,0.686,5528.3,-0.062,23,0.189,0.85,1.062,1.548,4.02,False,True,0.4243,low_risk,Platinum/Gold
U0678_a1c289,stable_shop_owner,7,228,0.436,6822.32,0.009,19,0.062,0.878,0.991,1.407,2.98,False,True,0.30469999999999997,medium_risk,Silver
U0679_7899cc,seasonal_farmer,5,60,0.355,89567.35,0.847,6,0.38,0.933,0.153,0.602,0.12,True,True,0.5476,fraud_flag,Rejected - Fraud Review
U0680_9220b5,stable_shop_owner,7,273,0.697,7547.82,-0.002,17,0.037,0.867,1.002,1.352,3.31,False,True,0.3851,low_risk,Platinum/Gold
U0681_ea36e3,stable_shop_owner,7,244,0.391,5069.42,-0.062,18,0.136,0.841,1.062,1.399,4.75,False,True,0.30379999999999996,high_risk,Bronze
U0682_65818e,stable_shop_owner,7,274,0.385,4073.62,-0.086,22,0.272,0.875,1.086,1.609,5.1,False,True,0.3476,medium_risk,Silver
U0683_b11341,gig_worker,7,307,0.3,7848.33,-0.025,30,0.021,0.877,1.025,1.909,6.54,False,True,0.24285,high_risk,Bronze
U0684_0bd712,thin_file_new_user,2,40,0.684,1346.3,-0.129,2,0.0,0.841,1.129,2.146,5.99,False,True,0.36555,insufficient_history,Pending - Needs More History
U0685_13701a,seasonal_farmer,7,67,0.057,76715.02,0.797,10,0.0,0.917,0.203,0.641,0.13,False,True,0.3169,medium_risk,Silver
U0686_7b8c36,seasonal_farmer,6,80,0.0,140773.66,0.86,6,0.408,0.954,0.14,0.475,0.08,False,True,0.4375,low_risk,Platinum/Gold
U0687_cbae6b,fraud_gaming,7,83,0.0,1705.38,-0.027,2,0.0,0.827,1.027,2.524,19.89,True,True,0.12405,fraud_flag,Rejected - Fraud Review
U0688_e928c5,risky_irregular,7,167,0.184,3555.81,-0.075,18,0.138,0.94,1.075,1.837,4.79,False,True,0.2468,high_risk,Bronze
U0689_9c1c48,gig_worker,7,316,0.213,6247.79,-0.005,33,0.034,0.881,1.005,1.857,6.76,False,True,0.21689999999999998,high_risk,Bronze
U0690_6b5aac,stable_shop_owner,7,279,0.491,4703.06,-0.047,34,0.0,0.889,1.047,1.871,6.88,False,True,0.30519999999999997,medium_risk,Silver
U0691_338535,risky_irregular,7,147,0.291,2881.95,-0.065,17,0.154,0.863,1.065,1.811,6.1,False,True,0.27749999999999997,high_risk,Bronze
U0692_862f3f,stable_shop_owner,7,216,0.0,3891.8,-0.073,18,0.214,0.867,1.073,1.596,5.84,False,True,0.19424999999999998,high_risk,Bronze
U0693_a6e59c,seasonal_farmer,6,75,0.139,130486.45,0.897,7,0.141,0.897,0.103,0.539,0.09,False,True,0.4049,low_risk,Platinum/Gold
U0694_b94123,fraud_gaming,7,82,0.0,1811.55,-0.079,3,0.0,0.912,1.079,2.319,18.24,True,True,0.1368,fraud_flag,Rejected - Fraud Review
U0695_2f14a1,gig_worker,7,279,0.374,4567.78,-0.063,29,0.09,0.887,1.063,1.69,7.81,False,True,0.29095,high_risk,Bronze
U0696_6788a0,thin_file_new_user,2,23,0.0,1121.94,-0.743,3,0.0,0.912,1.743,1.621,3.78,False,True,0.1368,insufficient_history,Pending - Needs More History
U0697_a4eaf9,gig_worker,7,307,0.672,7452.51,-0.025,28,0.0,0.908,1.025,1.489,4.56,False,True,0.37139999999999995,medium_risk,Silver
U0698_ca8b6c,thin_file_new_user,2,21,0.0,662.72,-0.733,1,0.0,0.763,1.733,1.362,2.99,False,True,0.11445,insufficient_history,Pending - Needs More History
U0699_f1aa58,stable_shop_owner,7,254,0.519,5160.89,-0.03,22,0.235,0.876,1.03,1.745,7.91,False,True,0.38354999999999995,low_risk,Platinum/Gold
U0700_7ff7c1,stable_shop_owner,7,262,0.221,5721.15,-0.063,30,0.0,0.911,1.063,1.717,4.15,False,True,0.214,high_risk,Bronze
U0701_ed53d2,seasonal_farmer,5,89,0.107,266321.19,0.915,9,0.147,0.911,0.085,0.59,0.08,False,True,0.4012,low_risk,Platinum/Gold
U0702_f5eed9,stable_shop_owner,7,281,0.402,6330.67,-0.004,24,0.0,0.853,1.004,1.745,6.12,False,True,0.26864999999999994,high_risk,Bronze
U0703_b0de63,risky_irregular,7,177,0.395,3630.9,-0.025,14,0.108,0.895,1.025,1.646,6.6,False,True,0.30489999999999995,medium_risk,Silver
U0704_5dd648,stable_shop_owner,7,236,0.363,4797.59,-0.069,25,0.0,0.844,1.069,1.918,6.86,False,True,0.25365,high_risk,Bronze
U0705_69dc9a,gig_worker,7,300,0.275,5740.99,-0.022,34,0.216,0.911,1.022,1.46,5.87,False,True,0.29769999999999996,high_risk,Bronze
U0706_4796fa,risky_irregular,7,176,0.435,1218.74,-0.114,19,0.207,0.898,1.114,1.998,12.93,False,True,0.34904999999999997,medium_risk,Silver
U0707_1afd5d,risky_irregular,7,188,0.239,1074.37,-0.177,14,0.137,0.853,1.177,2.117,8.53,False,True,0.2527,high_risk,Bronze
U0708_32155e,seasonal_farmer,6,79,0.0,82994.4,0.788,8,0.161,0.94,0.212,0.644,0.12,False,True,0.3469,medium_risk,Silver
U0709_091aad,gig_worker,7,333,0.63,7592.95,-0.025,32,0.275,0.869,1.025,1.46,4.62,False,True,0.43335,low_risk,Platinum/Gold
U0710_30af0f,fraud_gaming,6,52,0.0,2749.95,-0.103,4,0.129,0.933,1.103,2.851,20.6,True,False,0.17864999999999998,fraud_flag,Rejected - Fraud Review
U0711_8152ba,thin_file_new_user,2,24,0.883,1451.04,-0.239,4,0.0,0.858,1.239,1.498,4.15,False,True,0.43775,insufficient_history,Pending - Needs More History
U0712_293798,risky_irregular,7,152,0.231,1824.95,-0.017,12,0.128,0.838,1.017,1.896,4.71,False,True,0.24494999999999997,high_risk,Bronze
U0713_9705ff,fraud_gaming,5,56,0.0,2230.46,-0.253,5,0.0,0.895,1.253,2.17,15.11,True,False,0.13425,fraud_flag,Rejected - Fraud Review
U0714_ec2ac2,risky_irregular,7,184,0.667,1326.88,-0.115,19,0.0,0.895,1.115,1.858,7.98,False,True,0.3677,medium_risk,Silver
U0715_2575fa,stable_shop_owner,7,258,0.741,5340.36,-0.036,22,0.032,0.885,1.036,1.684,8.89,False,True,0.40169999999999995,low_risk,Platinum/Gold
U0716_00c136,gig_worker,7,317,0.439,5899.76,0.029,26,0.029,0.868,0.971,1.658,5.48,False,True,0.29835,high_risk,Bronze
U0717_824e73,stable_shop_owner,7,252,0.52,5826.84,-0.009,22,0.0,0.871,1.009,1.406,4.56,False,True,0.31265,medium_risk,Silver
U0718_5d80f2,thin_file_new_user,2,29,0.0,1772.32,-0.258,2,0.0,0.914,1.258,1.492,3.11,False,True,0.1371,insufficient_history,Pending - Needs More History
U0719_770481,fraud_gaming,7,87,0.0,2060.39,-0.082,12,0.0,0.97,1.082,2.168,16.28,True,False,0.1455,fraud_flag,Rejected - Fraud Review
U0720_f1dafc,gig_worker,7,307,0.55,5210.5,0.017,29,0.064,0.893,0.983,1.57,4.92,False,True,0.34904999999999997,medium_risk,Silver
U0721_1f0e5a,seasonal_farmer,7,84,0.0,54224.96,0.778,6,0.402,0.857,0.222,0.632,0.09,True,True,0.40475,fraud_flag,Rejected - Fraud Review
U0722_e575fa,stable_shop_owner,7,292,0.512,7976.2,0.03,24,0.243,0.891,0.97,1.527,3.92,False,True,0.39175,low_risk,Platinum/Gold
U0723_7e8264,fraud_gaming,6,61,0.0,3555.32,-0.023,2,0.0,0.885,1.023,2.049,15.25,True,False,0.13275,fraud_flag,Rejected - Fraud Review
U0724_69fdad,stable_shop_owner,7,248,0.5,6813.09,-0.027,30,0.0,0.891,1.027,1.284,4.13,False,True,0.30865,medium_risk,Silver
U0725_ea6cf0,stable_shop_owner,7,254,0.857,6093.59,-0.045,26,0.0,0.897,1.045,1.587,4.93,False,True,0.4345,low_risk,Platinum/Gold
U0726_9cd6c2,stable_shop_owner,7,296,0.627,3871.08,-0.035,23,0.008,0.849,1.035,1.569,5.93,False,True,0.34919999999999995,medium_risk,Silver
U0727_68cb22,stable_shop_owner,7,275,0.219,7035.59,0.011,25,0.171,0.891,0.989,1.506,3.92,False,True,0.26380000000000003,high_risk,Bronze
U0728_f03936,gig_worker,7,320,0.758,7869.86,-0.024,32,0.069,0.896,1.024,1.603,4.35,False,True,0.4204,low_risk,Platinum/Gold
U0729_343e0a,gig_worker,7,314,0.758,4214.23,-0.043,30,0.0,0.869,1.043,1.492,4.44,False,True,0.39564999999999995,low_risk,Platinum/Gold
U0730_b54a6e,seasonal_farmer,6,77,0.321,59444.21,0.734,8,0.192,0.879,0.266,0.515,0.12,False,True,0.4486,low_risk,Platinum/Gold
U0731_a3a379,stable_shop_owner,7,275,0.629,9045.95,-0.017,25,0.169,0.863,1.017,1.514,6.45,False,True,0.4003,low_risk,Platinum/Gold
U0732_0ca477,stable_shop_owner,7,230,0.448,6637.76,0.0,24,0.0,0.913,1.0,1.338,3.81,False,True,0.29374999999999996,high_risk,Bronze
U0733_41a428,seasonal_farmer,6,81,0.304,179662.8,0.885,6,0.0,0.877,0.115,0.515,0.08,False,True,0.41495,low_risk,Platinum/Gold
U0734_1709b9,stable_shop_owner,7,256,0.383,3748.76,-0.061,20,0.0,0.88,1.061,1.719,5.78,False,True,0.26605,high_risk,Bronze
U0735_6feb58,thin_file_new_user,2,27,0.0,1207.34,-0.154,3,0.529,0.915,1.154,1.314,2.62,False,True,0.29595000000000005,insufficient_history,Pending - Needs More History
U0736_778753,stable_shop_owner,7,224,0.277,4028.8,-0.04,23,0.12,0.871,1.04,1.823,4.41,False,True,0.2636,high_risk,Bronze
U0737_7185d3,seasonal_farmer,6,98,0.0,181485.01,0.901,7,0.059,0.87,0.099,0.592,0.06,False,True,0.3284,medium_risk,Silver
U0738_e036e0,seasonal_farmer,4,58,0.0,161434.78,0.882,4,0.238,0.907,0.118,0.62,0.15,False,True,0.38385,low_risk,Platinum/Gold
U0739_4a6b49,seasonal_farmer,6,101,0.0,122917.27,0.848,8,0.306,0.844,0.152,0.56,0.05,False,True,0.38799999999999996,low_risk,Platinum/Gold
U0740_6524f6,stable_shop_owner,7,271,0.794,7103.41,-0.003,36,0.121,0.871,1.003,1.607,6.34,False,True,0.44484999999999997,low_risk,Platinum/Gold
U0741_05c85b,stable_shop_owner,7,255,0.731,7986.66,-0.035,25,0.032,0.91,1.035,1.515,7.13,False,True,0.40195,low_risk,Platinum/Gold
U0742_1fe0c6,risky_irregular,7,184,0.35,3228.09,-0.111,16,0.239,0.839,1.111,1.878,8.62,False,True,0.32004999999999995,medium_risk,Silver
U0743_d048a8,stable_shop_owner,7,194,0.332,4321.59,-0.051,23,0.0,0.881,1.051,1.697,7.83,False,True,0.24835,high_risk,Bronze
U0744_0148a5,gig_worker,7,313,0.433,3272.29,-0.048,31,0.165,0.892,1.048,1.661,4.87,False,True,0.33485,medium_risk,Silver
U0745_684e46,gig_worker,7,292,0.505,7516.53,-0.02,31,0.077,0.9,1.02,1.504,4.4,False,True,0.33485,medium_risk,Silver
U0746_de3476,seasonal_farmer,6,73,0.036,62159.7,0.789,6,0.035,0.938,0.211,0.482,0.14,False,True,0.3216,medium_risk,Silver
U0747_393009,seasonal_farmer,7,94,0.128,210952.14,0.931,13,0.0,0.899,0.069,0.534,0.06,False,True,0.36585,medium_risk,Silver
U0748_5f2fff,risky_irregular,7,137,0.069,1025.25,-0.341,10,0.055,0.899,1.341,1.934,17.62,False,True,0.1755,high_risk,Bronze
U0749_316bfe,risky_irregular,7,182,0.514,2602.73,0.004,18,0.055,0.861,0.996,1.869,7.9,False,True,0.32635000000000003,medium_risk,Silver
U0750_acc042,stable_shop_owner,7,239,0.61,7288.22,-0.031,29,0.161,0.886,1.031,1.578,5.1,False,True,0.39469999999999994,low_risk,Platinum/Gold
U0751_2e366a,seasonal_farmer,6,67,0.242,70458.1,0.779,11,0.069,0.875,0.221,0.546,0.12,False,True,0.39244999999999997,low_risk,Platinum/Gold
U0752_50056a,stable_shop_owner,7,293,0.495,5130.62,0.001,37,0.017,0.909,0.999,1.739,9.48,False,True,0.31489999999999996,medium_risk,Silver
U0753_7e0621,gig_worker,7,287,0.699,2947.27,-0.134,32,0.0,0.895,1.134,2.307,11.55,False,True,0.3789,low_risk,Platinum/Gold
U0754_0bc852,thin_file_new_user,2,24,0.0,970.72,-0.766,6,0.0,0.876,1.766,1.633,4.63,False,True,0.1314,insufficient_history,Pending - Needs More History
U0755_abeed0,stable_shop_owner,7,297,0.477,9609.66,-0.009,32,0.0,0.888,1.009,1.34,4.22,False,True,0.30015,high_risk,Bronze
U0756_77982f,seasonal_farmer,6,67,0.097,175402.66,0.928,7,0.146,0.916,0.072,0.485,0.08,False,True,0.40075000000000005,low_risk,Platinum/Gold
U0757_3b0b7f,fraud_gaming,7,93,0.0,1988.62,-0.146,9,0.0,0.891,1.146,2.095,16.39,False,False,0.13365,fraud_flag,Rejected - Fraud Review
U0758_3a7dac,stable_shop_owner,7,261,0.425,3091.17,-0.002,30,0.337,0.84,1.002,1.819,7.85,False,True,0.37585,low_risk,Platinum/Gold
U0759_5005d1,gig_worker,7,296,0.455,3245.66,-0.026,22,0.141,0.873,1.026,1.744,6.45,False,True,0.3325,medium_risk,Silver
U0760_c1e459,thin_file_new_user,2,26,0.678,1581.82,-0.21,4,0.085,0.963,1.21,1.3,3.57,False,True,0.40725,insufficient_history,Pending - Needs More History
U0761_172ce0,stable_shop_owner,7,255,0.527,2934.01,-0.074,26,0.003,0.866,1.074,1.772,6.72,False,True,0.31525000000000003,medium_risk,Silver
U0762_79a9d4,stable_shop_owner,7,232,0.33,5394.87,-0.074,30,0.0,0.836,1.074,1.592,5.03,False,True,0.24089999999999998,high_risk,Bronze
U0763_b64092,stable_shop_owner,7,233,0.3,4986.16,-0.033,22,0.282,0.909,1.033,1.562,6.85,False,True,0.32594999999999996,medium_risk,Silver
U0764_c900f0,fraud_gaming,7,79,0.0,1716.26,-0.242,5,0.0,0.877,1.242,1.813,12.61,True,False,0.13155,fraud_flag,Rejected - Fraud Review
U0765_bdc023,stable_shop_owner,7,273,0.262,9047.7,-0.025,29,0.0,0.914,1.025,1.384,2.9,False,True,0.2288,high_risk,Bronze
U0766_d33033,stable_shop_owner,7,235,0.293,5061.01,-0.025,21,0.0,0.887,1.025,1.316,4.17,False,True,0.23559999999999998,high_risk,Bronze
U0767_8474d4,stable_shop_owner,7,261,0.234,6231.48,-0.015,33,0.001,0.897,1.015,1.408,3.91,False,True,0.21675,high_risk,Bronze
U0768_06e009,stable_shop_owner,7,268,0.586,6044.44,-0.036,24,0.0,0.911,1.036,1.676,7.74,False,True,0.34175,medium_risk,Silver
U0769_bd2cb8,thin_file_new_user,2,30,0.943,656.07,-0.262,3,0.1,0.894,1.262,1.857,6.94,False,True,0.49415,insufficient_history,Pending - Needs More History
U0770_4b707e,stable_shop_owner,7,268,0.581,6203.4,-0.04,21,0.088,0.875,1.04,1.734,5.83,False,True,0.361,medium_risk,Silver
U0771_72937b,gig_worker,7,278,0.351,3222.94,0.021,34,0.0,0.893,0.979,2.0,10.6,False,True,0.261,high_risk,Bronze
U0772_c4a141,gig_worker,7,312,0.34,3349.27,-0.059,31,0.0,0.863,1.059,1.817,5.85,False,True,0.24844999999999998,high_risk,Bronze
U0773_473c00,risky_irregular,7,172,0.279,1702.95,-0.086,12,0.0,0.871,1.086,2.094,7.09,False,True,0.2283,high_risk,Bronze
U0774_345dbe,stable_shop_owner,7,221,0.692,3472.82,0.001,33,0.014,0.905,0.999,1.655,7.36,False,True,0.38234999999999997,low_risk,Platinum/Gold
U0775_3a6e6d,risky_irregular,7,164,0.416,3442.41,-0.07,12,0.01,0.827,1.07,1.878,7.57,False,True,0.27264999999999995,high_risk,Bronze
U0776_c29fe7,thin_file_new_user,2,38,0.0,1011.03,-1.333,7,0.235,0.924,2.333,1.701,10.42,False,True,0.2091,insufficient_history,Pending - Needs More History
U0777_a3ea88,stable_shop_owner,7,217,0.213,6780.81,-0.008,24,0.322,0.849,1.008,1.342,3.25,False,True,0.2985,high_risk,Bronze
U0778_3897a6,risky_irregular,7,192,0.185,2088.62,-0.15,13,0.0,0.85,1.15,1.563,8.12,False,True,0.19225,high_risk,Bronze
U0779_2faf75,risky_irregular,7,195,0.23,3196.14,-0.092,12,0.0,0.905,1.092,2.02,7.17,False,True,0.21625,high_risk,Bronze
U0780_3f8672,stable_shop_owner,7,242,0.545,3518.33,-0.009,25,0.0,0.883,1.009,1.724,5.17,False,True,0.3232,medium_risk,Silver
U0781_202c6c,fraud_gaming,6,71,0.0,2150.55,-0.07,4,0.0,0.86,1.07,2.519,19.85,True,False,0.129,fraud_flag,Rejected - Fraud Review
U0782_a3cd43,gig_worker,7,323,0.558,6233.38,-0.055,36,0.138,0.883,1.055,1.745,4.36,False,True,0.36915,medium_risk,Silver
U0783_18a322,thin_file_new_user,2,36,0.631,2402.26,-0.021,3,0.584,0.94,1.021,1.303,3.17,False,True,0.53705,insufficient_history,Pending - Needs More History
U0784_f78b7e,fraud_gaming,7,70,0.0,1772.32,-0.146,6,0.41,0.867,1.146,2.262,17.16,True,True,0.25305,fraud_flag,Rejected - Fraud Review
U0785_4b6a08,seasonal_farmer,6,68,0.075,151261.08,0.936,6,0.378,0.889,0.064,0.683,0.08,False,True,0.46020000000000005,low_risk,Platinum/Gold
U0786_f7b6c2,risky_irregular,7,147,0.173,2516.62,-0.098,13,0.057,0.878,1.098,1.835,8.01,False,True,0.20934999999999998,high_risk,Bronze
U0787_267532,seasonal_farmer,7,58,0.0,59940.44,0.789,8,0.198,0.945,0.211,0.433,0.12,False,True,0.35895,medium_risk,Silver
U0788_930489,risky_irregular,7,176,0.26,2797.34,-0.029,18,0.0,0.892,1.029,1.812,6.46,False,True,0.2248,high_risk,Bronze
U0789_ccd64b,thin_file_new_user,2,25,0.93,1013.23,-0.423,5,0.345,0.982,1.423,1.499,2.91,False,True,0.5763,insufficient_history,Pending - Needs More History
U0790_3a9922,stable_shop_owner,7,294,0.346,6905.72,-0.048,28,0.065,0.897,1.048,1.71,4.03,False,True,0.27515,high_risk,Bronze
U0791_0df3d0,seasonal_farmer,6,73,0.173,155290.17,0.896,9,0.0,0.942,0.104,0.551,0.1,False,True,0.38105,low_risk,Platinum/Gold
U0792_2a2ab5,seasonal_farmer,5,65,0.0,98226.26,0.835,4,0.88,0.932,0.165,0.544,0.11,False,True,0.5708000000000001,low_risk,Platinum/Gold
U0793_2ff8db,stable_shop_owner,7,210,0.482,2323.5,-0.135,25,0.006,0.906,1.135,1.716,5.5,False,True,0.3064,medium_risk,Silver
U0794_c5e07e,stable_shop_owner,7,244,0.481,2731.16,0.02,18,0.0,0.852,0.98,1.775,6.17,False,True,0.30015,high_risk,Bronze
U0795_5a754a,seasonal_farmer,5,57,0.0,127221.66,0.917,6,0.0,0.913,0.083,0.581,0.09,False,True,0.32035,medium_risk,Silver
U0796_7ce4bc,stable_shop_owner,7,252,0.611,5184.39,-0.035,29,0.094,0.884,1.035,1.619,3.71,False,True,0.37465,low_risk,Platinum/Gold
U0797_413081,stable_shop_owner,7,247,0.264,4159.09,-0.091,19,0.038,0.889,1.091,1.316,5.82,False,True,0.23714999999999997,high_risk,Bronze
U0798_6e4d2a,thin_file_new_user,2,25,0.891,1473.68,-0.791,6,0.085,0.914,1.791,1.473,3.11,False,True,0.47445,insufficient_history,Pending - Needs More History
U0799_60c23d,thin_file_new_user,2,32,0.485,1265.03,-0.804,4,0.052,0.929,1.804,1.481,8.58,False,True,0.3247,insufficient_history,Pending - Needs More History
U0800_2cbe23,thin_file_new_user,2,34,0.761,1702.9,-0.577,5,0.0,0.949,1.577,1.738,6.62,False,True,0.40869999999999995,insufficient_history,Pending - Needs More History
U0801_7ec306,seasonal_farmer,6,86,0.0,202520.72,0.898,10,0.0,0.901,0.102,0.613,0.08,False,True,0.31475,medium_risk,Silver
U0802_cd1030,risky_irregular,7,167,0.23,1358.86,-0.153,14,0.214,0.87,1.153,2.475,11.61,False,True,0.2752,high_risk,Bronze
U0803_b1c3fd,gig_worker,7,315,0.45,3814.63,-0.052,37,0.0,0.874,1.052,1.723,8.68,False,True,0.28859999999999997,high_risk,Bronze
U0804_ca4390,stable_shop_owner,7,247,0.736,5747.87,0.004,25,0.0,0.913,0.996,1.565,3.77,False,True,0.39535,low_risk,Platinum/Gold
U0805_7acdb3,stable_shop_owner,7,266,0.289,4980.13,-0.013,36,0.126,0.909,1.013,1.687,4.6,False,True,0.2753,high_risk,Bronze
U0806_b62b59,thin_file_new_user,2,33,0.0,1197.54,-0.131,5,0.099,0.847,1.131,1.569,4.61,False,True,0.15675,insufficient_history,Pending - Needs More History
U0807_40a4dc,stable_shop_owner,7,224,0.558,3331.8,-0.009,25,0.047,0.837,1.009,1.64,5.42,False,True,0.33494999999999997,medium_risk,Silver
U0808_510bce,gig_worker,7,275,0.451,2764.92,-0.076,31,0.0,0.89,1.076,1.651,5.4,False,True,0.29135,high_risk,Bronze
U0809_b7e579,fraud_gaming,7,78,0.0,1667.74,-0.116,4,0.0,0.86,1.116,3.235,28.13,True,False,0.129,fraud_flag,Rejected - Fraud Review
U0810_30285a,stable_shop_owner,7,251,0.448,3372.53,-0.02,26,0.097,0.875,1.02,1.676,7.37,False,True,0.31715000000000004,medium_risk,Silver
U0811_37bcb0,stable_shop_owner,7,270,0.421,6548.37,0.015,28,0.163,0.868,0.985,1.64,6.09,False,True,0.32944999999999997,medium_risk,Silver
U0812_cd3859,fraud_gaming,6,89,0.0,1568.93,-0.251,7,0.0,0.884,1.251,2.623,17.9,True,True,0.1326,fraud_flag,Rejected - Fraud Review
U0813_0ad4ca,gig_worker,7,305,0.553,7064.66,0.003,27,0.0,0.885,0.997,1.588,4.1,False,True,0.32689999999999997,medium_risk,Silver
U0814_cd0850,stable_shop_owner,7,223,0.278,4566.58,-0.004,21,0.013,0.952,1.004,1.774,4.13,False,True,0.244,high_risk,Bronze
U0815_0e684a,risky_irregular,7,170,0.255,2460.7,-0.046,14,0.068,0.866,1.046,1.822,7.51,False,True,0.23954999999999999,high_risk,Bronze
U0816_9d4e22,risky_irregular,7,178,0.194,1294.99,-0.273,11,0.156,0.849,1.273,2.298,13.27,False,True,0.24205,high_risk,Bronze
U0817_20e6b7,gig_worker,7,310,0.706,7664.91,-0.047,31,0.151,0.902,1.047,1.662,5.72,False,True,0.42769999999999997,low_risk,Platinum/Gold
U0818_a11d26,thin_file_new_user,2,37,0.748,1673.15,-0.279,3,0.276,0.83,1.279,1.276,4.28,False,True,0.46909999999999996,insufficient_history,Pending - Needs More History
U0819_be92b4,stable_shop_owner,7,240,0.785,4347.37,-0.049,24,0.088,0.861,1.049,1.533,4.61,False,True,0.43029999999999996,low_risk,Platinum/Gold
U0820_884276,stable_shop_owner,7,258,0.549,5374.45,-0.05,29,0.014,0.905,1.05,1.474,3.41,False,True,0.33210000000000006,medium_risk,Silver
U0821_1360f3,gig_worker,7,328,0.544,6360.02,-0.012,31,0.113,0.908,1.012,1.428,4.22,False,True,0.3605,medium_risk,Silver
U0822_659ecd,stable_shop_owner,7,282,0.649,5060.09,0.003,31,0.096,0.883,0.997,1.642,5.53,False,True,0.389,low_risk,Platinum/Gold
U0823_a39a94,thin_file_new_user,2,28,0.884,871.72,-0.912,5,0.048,0.936,1.912,1.902,3.52,False,True,0.46420000000000006,insufficient_history,Pending - Needs More History
U0824_255974,risky_irregular,7,131,0.058,1685.51,-0.17,13,0.012,0.856,1.17,1.937,8.82,False,True,0.1523,high_risk,Bronze
U0825_e15768,stable_shop_owner,7,246,0.592,4102.68,-0.043,26,0.0,0.886,1.043,1.507,4.93,False,True,0.34009999999999996,medium_risk,Silver
U0826_adc84e,gig_worker,7,341,0.506,7485.28,-0.027,34,0.097,0.89,1.027,1.476,3.42,False,True,0.3397,medium_risk,Silver
U0827_f7aebf,stable_shop_owner,7,253,0.385,6556.14,-0.054,20,0.0,0.855,1.054,1.607,4.85,False,True,0.263,high_risk,Bronze
U0828_5c90ad,risky_irregular,7,144,0.4,4537.33,-0.065,12,0.004,0.866,1.065,1.684,4.58,True,True,0.2711,fraud_flag,Rejected - Fraud Review
U0829_6f70be,stable_shop_owner,7,241,0.489,4900.73,-0.0,26,0.0,0.868,1.0,1.542,5.02,False,True,0.30135,high_risk,Bronze
U0830_648109,thin_file_new_user,2,19,0.0,0.0,0.0,4,0.681,0.942,,2.603,5.52,False,True,0.3456,insufficient_history,Pending - Needs More History
U0831_d47a6a,gig_worker,7,334,0.18,3821.17,-0.013,27,0.004,0.878,1.013,1.698,5.56,False,True,0.1959,high_risk,Bronze
U0832_081365,seasonal_farmer,6,78,0.073,202362.28,0.924,8,0.0,0.902,0.076,0.571,0.08,False,True,0.34565,medium_risk,Silver
U0833_5a3a45,thin_file_new_user,2,28,0.7,1584.88,-0.2,1,0.0,0.896,1.2,1.059,2.62,False,True,0.37939999999999996,insufficient_history,Pending - Needs More History
U0834_ceac5e,thin_file_new_user,2,22,0.955,649.78,-1.898,1,0.0,0.845,2.898,2.009,9.84,False,True,0.46099999999999997,insufficient_history,Pending - Needs More History
U0835_c9d72c,gig_worker,7,315,0.682,6412.83,0.005,30,0.0,0.884,0.995,1.612,4.25,False,True,0.37229999999999996,low_risk,Platinum/Gold
U0836_516ac4,risky_irregular,7,179,0.289,3444.76,-0.02,13,0.0,0.846,1.02,1.782,7.37,False,True,0.22804999999999997,high_risk,Bronze
U0837_705786,fraud_gaming,7,50,0.0,1287.49,-0.285,8,0.0,0.948,1.285,2.651,18.25,True,False,0.1422,fraud_flag,Rejected - Fraud Review
U0838_883801,seasonal_farmer,6,89,0.206,144886.21,0.909,11,0.0,0.869,0.091,0.587,0.06,False,True,0.38425,low_risk,Platinum/Gold
U0839_f6f9c2,gig_worker,7,280,0.412,4906.72,-0.066,35,0.027,0.895,1.066,1.731,5.75,False,True,0.28654999999999997,high_risk,Bronze
U0840_94e7b9,stable_shop_owner,7,250,0.475,7332.5,-0.018,25,0.067,0.877,1.018,1.362,3.5,False,True,0.31789999999999996,medium_risk,Silver
U0841_a1dff2,risky_irregular,7,157,0.271,1237.97,-0.298,15,0.277,0.819,1.298,2.289,14.08,False,True,0.30079999999999996,high_risk,Bronze
U0842_51d269,gig_worker,7,360,0.59,7935.16,-0.016,36,0.058,0.87,1.016,1.613,5.03,False,True,0.3544,medium_risk,Silver
U0843_6fa171,seasonal_farmer,6,63,0.036,30089.32,0.549,6,0.333,0.95,0.451,0.786,0.28,False,True,0.3648,medium_risk,Silver
U0844_1c5fb1,stable_shop_owner,7,303,0.541,4742.27,-0.011,34,0.0,0.946,1.011,1.548,4.64,False,True,0.33125,medium_risk,Silver
U0845_d2aeb1,risky_irregular,7,166,0.115,2375.16,-0.064,17,0.21,0.891,1.064,1.621,5.46,False,True,0.2369,high_risk,Bronze
U0846_357a2e,seasonal_farmer,5,84,0.092,218807.4,0.909,6,0.0,0.914,0.091,0.645,0.09,False,True,0.3511,medium_risk,Silver
U0847_e58d95,thin_file_new_user,2,26,0.248,1158.04,-0.97,6,0.0,0.893,1.97,1.654,3.39,False,True,0.22074999999999997,insufficient_history,Pending - Needs More History
U0848_8c1827,stable_shop_owner,7,276,0.591,6497.61,-0.019,26,0.212,0.891,1.019,1.489,4.64,False,True,0.40409999999999996,low_risk,Platinum/Gold
U0849_a4987b,fraud_gaming,7,76,0.0,1558.75,-0.196,5,0.0,0.928,1.196,2.047,14.5,True,False,0.1392,fraud_flag,Rejected - Fraud Review
U0850_d888e0,stable_shop_owner,7,253,0.376,3363.21,-0.057,22,0.095,0.895,1.057,1.934,7.6,False,True,0.29435,high_risk,Bronze
U0851_3f8edd,stable_shop_owner,7,247,0.55,5496.65,-0.042,21,0.0,0.897,1.042,1.281,3.59,False,True,0.32705,medium_risk,Silver
U0852_09c256,risky_irregular,7,172,0.508,2682.76,-0.007,15,0.205,0.872,1.007,1.957,7.65,False,True,0.3701,medium_risk,Silver
U0853_280c44,fraud_gaming,7,80,0.0,1471.44,-0.109,5,0.0,0.963,1.109,2.803,23.9,True,False,0.14445,fraud_flag,Rejected - Fraud Review
U0854_c48b9b,stable_shop_owner,7,239,0.318,8108.87,-0.044,24,0.0,0.889,1.044,1.369,4.51,False,True,0.24464999999999998,high_risk,Bronze
U0855_3a6861,gig_worker,7,359,0.546,7073.44,0.01,33,0.16,0.867,0.99,1.483,3.94,False,True,0.37115,medium_risk,Silver
U0856_3a5e1b,thin_file_new_user,2,28,0.63,410.34,-0.429,4,0.209,0.856,1.429,2.757,12.24,False,True,0.41159999999999997,insufficient_history,Pending - Needs More History
U0857_0c57b4,risky_irregular,7,153,0.182,3057.43,-0.105,13,0.0,0.84,1.105,1.934,6.58,False,True,0.18969999999999998,high_risk,Bronze
U0858_4fca33,seasonal_farmer,4,72,0.0,230646.71,0.933,9,0.0,0.892,0.067,0.744,0.09,False,True,0.3204,medium_risk,Silver
U0859_ea0fe9,gig_worker,7,311,0.285,7586.58,-0.013,30,0.186,0.871,1.013,1.406,6.16,False,True,0.2862,high_risk,Bronze
U0860_12e688,thin_file_new_user,2,23,0.0,413.51,-0.665,2,0.0,0.842,1.665,1.932,6.53,False,True,0.1263,insufficient_history,Pending - Needs More History
U0861_c31cbf,thin_file_new_user,2,23,0.0,1345.28,-0.968,1,0.0,0.86,1.968,0.99,5.49,False,True,0.129,insufficient_history,Pending - Needs More History
U0862_d9ade6,risky_irregular,7,173,0.412,3031.88,-0.101,14,0.349,0.904,1.101,1.739,8.07,False,True,0.38449999999999995,low_risk,Platinum/Gold
U0863_eec06c,gig_worker,7,308,0.427,7182.94,0.002,27,0.23,0.896,0.998,1.422,4.39,False,True,0.35325,medium_risk,Silver
U0864_47c322,stable_shop_owner,7,249,0.57,5735.03,-0.06,23,0.209,0.908,1.06,1.598,6.29,False,True,0.3984,low_risk,Platinum/Gold
U0865_11519a,fraud_gaming,6,68,0.0,2191.43,-0.045,3,0.0,0.852,1.045,2.926,23.42,True,False,0.1278,fraud_flag,Rejected - Fraud Review
U0866_785d94,risky_irregular,7,146,0.16,2743.12,-0.124,15,0.296,0.903,1.124,1.712,6.54,False,True,0.28025,high_risk,Bronze
U0867_cdccf8,risky_irregular,7,152,0.192,2693.33,-0.059,12,0.0,0.906,1.059,2.257,8.15,False,True,0.2031,high_risk,Bronze
U0868_e85fce,stable_shop_owner,7,227,0.024,5616.88,-0.039,23,0.0,0.861,1.039,1.869,7.39,False,True,0.13754999999999998,high_risk,Bronze
U0869_f196f3,stable_shop_owner,7,245,0.469,6840.18,-0.045,28,0.0,0.904,1.045,1.463,3.05,False,True,0.29974999999999996,high_risk,Bronze
U0870_193402,thin_file_new_user,2,32,0.0,298.86,-1.103,5,0.0,0.87,2.103,2.146,5.37,False,True,0.1305,insufficient_history,Pending - Needs More History
U0871_d99e69,stable_shop_owner,7,257,0.356,6011.75,-0.035,25,0.141,0.886,1.035,1.407,4.26,False,True,0.29979999999999996,high_risk,Bronze
U0872_372147,fraud_gaming,7,60,0.0,1825.7,-0.142,4,0.0,0.855,1.142,1.68,10.42,True,False,0.12825,fraud_flag,Rejected - Fraud Review
U0873_8ba85f,seasonal_farmer,6,75,0.135,188149.04,0.922,7,0.313,0.879,0.078,0.569,0.09,False,True,0.45740000000000003,low_risk,Platinum/Gold
U0874_4cfc7c,thin_file_new_user,2,27,0.0,445.34,-2.2,2,0.0,0.796,3.2,2.592,18.91,False,True,0.1194,insufficient_history,Pending - Needs More History
U0875_435404,risky_irregular,7,179,0.377,3778.27,-0.095,8,0.005,0.887,1.095,1.566,5.08,False,True,0.26649999999999996,high_risk,Bronze
U0876_7103b7,seasonal_farmer,5,68,0.0,63692.83,0.783,8,0.0,0.92,0.217,0.61,0.1,False,True,0.29460000000000003,high_risk,Bronze
U0877_7f781d,seasonal_farmer,4,99,0.09,351453.54,0.92,9,0.0,0.849,0.08,0.573,0.06,False,True,0.34285,medium_risk,Silver
U0878_eb3d26,thin_file_new_user,2,28,0.0,1205.12,-0.739,2,0.0,0.865,1.739,1.815,4.61,False,True,0.12975,insufficient_history,Pending - Needs More History
U0879_5355d4,gig_worker,7,302,0.544,8482.75,0.011,32,0.401,0.895,0.989,1.556,4.53,False,True,0.44715000000000005,low_risk,Platinum/Gold
U0880_86a717,seasonal_farmer,6,80,0.0,88492.64,0.811,7,0.094,0.937,0.189,0.72,0.13,False,True,0.33095,medium_risk,Silver
U0881_89e400,thin_file_new_user,2,31,0.748,2241.9,-0.448,3,0.0,0.876,1.448,1.351,2.6,False,True,0.3932,insufficient_history,Pending - Needs More History
U0882_1c53f2,fraud_gaming,6,64,0.0,2618.14,-0.122,2,0.0,0.808,1.122,2.514,17.58,True,False,0.1212,fraud_flag,Rejected - Fraud Review
U0883_3fde22,gig_worker,7,304,0.488,4480.81,-0.062,42,0.228,0.876,1.062,1.788,5.73,False,True,0.37059999999999993,medium_risk,Silver
U0884_55b687,stable_shop_owner,7,240,0.303,4059.86,-0.063,24,0.012,0.857,1.063,1.654,5.61,False,True,0.2382,high_risk,Bronze
U0885_24f824,seasonal_farmer,5,94,0.0,95626.21,0.748,6,0.0,0.905,0.252,0.653,0.08,True,True,0.28535,fraud_flag,Rejected - Fraud Review
U0886_c6f4b2,seasonal_farmer,4,52,0.0,52953.85,0.736,8,0.2,0.939,0.264,0.585,0.15,True,True,0.34804999999999997,fraud_flag,Rejected - Fraud Review
U0887_833052,stable_shop_owner,7,276,0.482,6815.17,0.024,20,0.208,0.858,0.976,1.515,4.39,False,True,0.3645999999999999,medium_risk,Silver
U0888_ecf74d,stable_shop_owner,7,269,0.315,4928.49,-0.016,29,0.12,0.864,1.016,1.856,7.79,False,True,0.27585,high_risk,Bronze
U0889_948343,thin_file_new_user,2,35,0.104,768.37,-1.671,4,0.855,0.923,2.671,2.229,7.24,False,True,0.43135,insufficient_history,Pending - Needs More History
U0890_0fcc81,seasonal_farmer,7,70,0.0,111438.18,0.899,8,0.273,0.904,0.101,0.67,0.12,False,True,0.39730000000000004,low_risk,Platinum/Gold
U0891_b2d62e,fraud_gaming,6,60,0.0,1398.3,-0.162,3,0.0,0.821,1.162,2.831,20.16,True,True,0.12314999999999998,fraud_flag,Rejected - Fraud Review
U0892_b74f09,stable_shop_owner,7,199,0.592,6004.87,-0.007,18,0.295,0.888,1.007,1.399,6.34,False,True,0.42889999999999995,low_risk,Platinum/Gold
U0893_324448,stable_shop_owner,7,242,0.524,4511.99,-0.063,27,0.111,0.874,1.063,1.509,5.29,False,True,0.3478,medium_risk,Silver
U0894_26a6a6,risky_irregular,7,199,0.507,2353.5,-0.108,14,0.063,0.872,1.108,1.681,8.75,False,True,0.32715,medium_risk,Silver
U0895_a2060d,risky_irregular,7,144,0.393,842.45,-0.39,12,0.121,0.841,1.39,2.082,31.91,False,True,0.3,high_risk,Bronze
U0896_6342b6,stable_shop_owner,7,252,0.385,6724.53,0.012,24,0.015,0.898,0.988,1.79,5.7,True,True,0.27635,fraud_flag,Rejected - Fraud Review
U0897_ff1eba,stable_shop_owner,7,233,0.747,5629.36,0.003,28,0.102,0.909,0.997,1.52,5.62,False,True,0.42899999999999994,low_risk,Platinum/Gold
U0898_1533f4,stable_shop_owner,7,236,0.452,2975.13,-0.133,25,0.063,0.873,1.133,2.001,9.22,False,True,0.30805,medium_risk,Silver
U0899_6ac35f,gig_worker,7,296,0.657,4685.63,-0.031,28,0.048,0.894,1.031,1.458,5.09,False,True,0.37844999999999995,low_risk,Platinum/Gold
